2023-04-12, 07:58:42, 17442265-6, 17442265, 0x6e0fefd53b289d7ba008ccbf3f7d53c52493b83d723ce4668b55e98422a189b1, DwDKRnnJYxHvey23kDZPYdEm4FfnMMpHrbPFwJ85E4GGMKP, 0x443c0ba8f048601bd709b475301f520071887f9f2818ee600e822a81d0911b64, 442.98606, balances, transfer
2023-04-12, 07:55:18, 17442231-7, 17442231, 0x90a6abf0e08db7d0382d6870b06963dfb61b81fc75325bfeb98c8809cf07b0df, HcuwBHXvb9SHCnXe1ruLgXW2neMWAdwkohTyFZQ8tv8E5Bc, 0x7cc5e79d23002be0ec9d6356e519dc9dbf9f4fef63ae9c491f3e5e15ef9435a3, 0.9994, balances, transfer
2023-04-12, 07:54:12, 17442220-7, 17442220, 0x34efea8ba06a214ff82004acf11db04ab24b5232cbe3d9f41160af67a5f615b4, EwsehEPVc2Jx8LXgYHDboccQvNxAg2BN1t3pY3B7iK28RBm, 0x12011d22ef594c468786e58913c47f97216f19c2282673361e6fd6944a5e1f09, 33.55141, balances, transfer
2023-04-12, 07:52:48, 17442206-5, 17442206, 0x2502346e446e691169a10aab645fb72a0b841dfa679d2d2f038afe4d113915ce, CudpFoWGZBAg8DdnUJFhfL4Rk8AHZQ9SAvaKvxbxcYYMwDX, 0x68e8ca19a25c1aee85d10ef31f6426d23b2fc84b9953aa2056029fade59450d6, 1.86539, balances, transfer
2023-04-12, 07:51:42, 17442195-6, 17442195, 0xc924cfdb824ade9f9146f75cd7bd5d279ff6ea191212bf20550809c49abeceba, H1S2ZcVcJcLQebBuH5ZrHA5vuYvHserery8Evc6QeiBCAHJ, 0xdf278435442a8be760295a55c84f70328925d9041a8551bd3d5dcaecd7188c65, 1.0, balances, transfer
2023-04-12, 07:46:06, 17442139-2, 17442139, 0x212232a32d2fec9b4bf8259acc47969a52b8ffef6baec828f69c0d2021efdf5a, EwsehEPVc2Jx8LXgYHDboccQvNxAg2BN1t3pY3B7iK28RBm, 0xd2be012c9a72bdfb1e64b67cdd428e5cfa22b267a58013dcb63d2df15d82df22, 43.35502, balances, transfer
2023-04-12, 07:40:12, 17442080-3, 17442080, 0xad4e22e8f05b316703efcf22fe6c49b0ae5ef824ebc4803a28fa53867ee7a555, EwsehEPVc2Jx8LXgYHDboccQvNxAg2BN1t3pY3B7iK28RBm, 0xd2be012c9a72bdfb1e64b67cdd428e5cfa22b267a58013dcb63d2df15d82df22, 1.09, balances, transfer
2023-04-12, 07:37:24, 17442052-3, 17442052, 0xb0c73c56565346c639a81413d4b06fcd0af4a9ac9e4626d3e5463575826942d6, CeTisGE5QBdnhgJB4sfRirvH71MGQNLAFJuiPGXRKmRQ3CQ, 0x7cc5e79d23002be0ec9d6356e519dc9dbf9f4fef63ae9c491f3e5e15ef9435a3, 0.2594, balances, transfer
2023-04-12, 07:34:30, 17442023-2, 17442023, 0x649031bf37a57b436dd4988dae8a47028696b5ccc2106f25aa993da92ce739b6, EEWyMLHgwtemr48spFNnS3U2XjaYswqAYAbadx2jr9ppp4X, 0xb00ed472c814907696f5cfb0c01ac04f57d444130d1eceafc6d8269a4d767d1c, 3.848, balances, transfer
2023-04-12, 06:53:48, 17441619-5, 17441619, 0x46796db935a8c9ddbf566893c02098d8d2bb3cbb31548d74441147ec4624cb90, FPvFC39iK5ENE9XXupskU8WM9v35oG2j7AacqATiq7wknGJ, 0x2ca1030355d4bf5d59a52ceaf6f4f78b271ec524a60bac38b2bbc7d583987a09, 10.29, balances, transfer
2023-04-12, 06:52:06, 17441602-4, 17441602, 0x8b8f5228f40037ca40ef7464c40d28ccce28254d934483fd94df85eb7daf0a37, EwsehEPVc2Jx8LXgYHDboccQvNxAg2BN1t3pY3B7iK28RBm, 0x2cb81cfcc3c5d3fadee7f4d52043510c82b4d2681447cf202979376e8650251d, 1.06956, balances, transfer
2023-04-12, 06:49:42, 17441579-4, 17441579, 0xdc74229a5cdea024226def16b86468426b98bf4fa8bfb00b4e6b26c7a459eae4, E7ncQKp4xayUoUdpraxBjT7NzLoayLJA4TuPcKKboBkJ5GH, 0x74f17159b2af91efe704aff0766c4a851e5afc2450c206aed0dba63497554d45, 8.6703, balances, transfer
2023-04-12, 06:49:06, 17441573-4, 17441573, 0x2bb082b2e7916503a23bb6398d7d490a844ce5e414fda56c5e7774d0c41236f3, DUgHCXsQpzsVLjJr5aqu2WLrp6HYDVqE9aamPXxWM7P68eF, 0xcce93a4fa344b7d1331edfbf02f9ccfb74b1149bd974edf2162e415981b9563b, 1.6451, balances, transfer
2023-04-12, 06:38:54, 17441472-3, 17441472, 0x32607fda1e44fa1fc69306c91cd123c20c320a7e72a7248b37d8a6abe4975d4f, FRHQK48aru6Q96Ratd1f2ou6J2dB3eSRXQ4YLSQj8cuv5SA, 0xec850881aefd9805cbdffc1edec0a7689d08a2ec22594f860ac597a835edb716, 100.0, balances, transfer
2023-04-12, 06:16:06, 17441249-2, 17441249, 0x21781430b4047ce99d67451be95d8412f8dc629e61d0b130c4b3642ba5913c03, EwsehEPVc2Jx8LXgYHDboccQvNxAg2BN1t3pY3B7iK28RBm, 0x343a41a5a135e555242fd36fb13bc5a3723a2d33bc06786cf52c53791e41ca69, 1.2757, balances, transfer
2023-04-12, 06:07:48, 17441167-2, 17441167, 0xf94fbe3ec3c4b5adf4001ca864d8156f6615701390d17037199e1e20c0490473, GP9kUk2A5AvBqAsGWRBh7XXnhv6S1vRnBgfePf92VsMVsTt, 0xa86c5ac4423e4bb9b80284af93e2272acc59a75e9af04a3867e9b99a36b7a83d, 0.1, balances, transfer
2023-04-12, 06:02:48, 17441117-3, 17441117, 0x9bff5f39d7a1cad033a6d2d14a4c183eea2e38dae8a9e746b5e779d2b25bea07, CuDkE1e8EeJEZj6dDQ4cbhnngrJmPtyAFphJ7WEuosYepvd, 0x68e8ca19a25c1aee85d10ef31f6426d23b2fc84b9953aa2056029fade59450d6, 3.99447, balances, transfer
2023-04-12, 06:01:48, 17441107-6, 17441107, 0xa4bd2279ac38843228d06f4b833cc333becfdb17bf38b0d8e465c0b17e48347d, GU7TpqqK2768Tp2Q93LBMLKkCzrj4RGAtGdUnYxeLkvnhf9, 0x7cc5e79d23002be0ec9d6356e519dc9dbf9f4fef63ae9c491f3e5e15ef9435a3, 1.35025, balances, transfer
2023-04-12, 06:00:30, 17441094-11, 17441094, 0x50aaa49bd2b62d9366419c4265eec22abff46463f4ab3fc569f558c4e627a31f, EkNzKBL7CaYBNXtk2vgEvRb4uqaXnnCfEGfjLnPKJpndHwa, 0x68e8ca19a25c1aee85d10ef31f6426d23b2fc84b9953aa2056029fade59450d6, 3.99947, balances, transfer
2023-04-12, 06:00:30, 17441094-10, 17441094, 0x0685d9778877a836ab0309741ed5afc1618bd3f11d83eb2919178ba7159beda8, CphzdaP4EAbFfR1ewLbpQcDstwoJsF5ftCNj82LhCZZPvqP, 0x68e8ca19a25c1aee85d10ef31f6426d23b2fc84b9953aa2056029fade59450d6, 39.99947, balances, transfer
2023-04-12, 06:00:30, 17441094-9, 17441094, 0x9f6f6206e98b8f8ec7d65ccb9689e6664928ee948e4079d5fead24e444a82293, DK85haeqbLMcAHiMwRC3PfNwXCnSsLEwy1JogWQPJmTemNH, 0x68e8ca19a25c1aee85d10ef31f6426d23b2fc84b9953aa2056029fade59450d6, 121.16947, balances, transfer
2023-04-12, 06:00:30, 17441094-8, 17441094, 0x64c6a6a185186e72030bf979f4e68d56b0e20bf89d31e5b473afa48efeddd0e2, DzKVXyhyT6TyMKCZDqp2hU7gQ2bcsddTjXsZtL9UniG2b7j, 0x68e8ca19a25c1aee85d10ef31f6426d23b2fc84b9953aa2056029fade59450d6, 165.23207, balances, transfer
2023-04-12, 06:00:30, 17441094-7, 17441094, 0x1ea0c432ba25d60aaf4688ffc38f6676dcba9f08a286f79cc828954da497d486, FrHqnNfcWbD8n5SJJhzdE7YLY4Nhvet8vbQS23TDfhyx45n, 0x68e8ca19a25c1aee85d10ef31f6426d23b2fc84b9953aa2056029fade59450d6, 213.05247, balances, transfer
2023-04-12, 05:58:06, 17441070-6, 17441070, 0x3e18efb958edc0732966c1075d6678acce1c0b3aa648498563ce25bbe54b4ea3, EwsehEPVc2Jx8LXgYHDboccQvNxAg2BN1t3pY3B7iK28RBm, 0xac34e1e63011d007f1c7f22a3575abe126df1c5f478fc58ff848e0e152ca0d96, 1.35085, balances, transfer
2023-04-12, 05:48:48, 17440980-4, 17440980, 0xcd0e50c39ae11d157bce5fb46bb2af637be08561f0d4dc8a6af0e813eeeea668, Du4BVfvT1eA5FTgB9wPjjd43GBwQfa3WgZoTh6MPhKqCYrY, 0x0e6a3bbbe289dcf8b95ceb33a3593761721119a95b4eb1f3bd13f8451a1d9401, 3.995, balances, transfer
2023-04-12, 05:45:36, 17440948-4, 17440948, 0x6c69da5ad5ae3abfbbc046e30b66a5f372431bebcda3e2c9eba57d2f4f1ffcbf, Fz1Ksod36YVpnGQgF2qERiUGhJvRavqZxUcgjuofZVRk8bf, 0x443c0ba8f048601bd709b475301f520071887f9f2818ee600e822a81d0911b64, 408.99946, balances, transfer
2023-04-12, 05:44:06, 17440933-2, 17440933, 0x36073ece6f8031b233a0894e0edbe4ed48c7ac5fd7f7ccc2c996cd5d70c6c63a, EwsehEPVc2Jx8LXgYHDboccQvNxAg2BN1t3pY3B7iK28RBm, 0xa86c5ac4423e4bb9b80284af93e2272acc59a75e9af04a3867e9b99a36b7a83d, 1.283, balances, transfer
2023-04-12, 05:42:06, 17440913-2, 17440913, 0xe7cbbdc439fbb5dee23560f69f1a56aa1dd3b26a7fc7c8f759926679d81cafba, DoSD8PSPWGjFYJhcKPH3oVV6reYCXL2oC7VNGuw7bTrBwcT, 0x443c0ba8f048601bd709b475301f520071887f9f2818ee600e822a81d0911b64, 25.85146, balances, transfer
2023-04-12, 05:40:48, 17440900-3, 17440900, 0xfab661757abbfe60ddb93262936a63c2662ba681334f2622fe3f1f2a34b866c7, FiCaHmpvLuTx3DQZGsU2ysKEczpYC6jeMDDYZoFMzXf7a9g, 0x96c55a18eaaf3e8d7df65b31e6e52e3be9f2b936b09045030bc791d9bf4bb33f, 409.0, balances, transfer
2023-04-12, 05:39:54, 17440891-4, 17440891, 0xf7769879473227498a392019f34497285282c76f11bb0aaec82faa7ddf1a6f26, D1FjQaxGSpyxYkLp7fbmgzhrTsJrDmqhyupZie8wE7hWYGM, 0x49d8b3ea354d56b3bc7e62fe01dc3b9da89d439beb5181bfd441201215798ccf, 150.0, balances, transfer
2023-04-12, 05:38:18, 17440875-2, 17440875, 0xdf560e281bbc9318e2dc995c4c409a72a852fb76fab796c024b88fa21ca19bb1, JBeXHZM3ZfZdfhvudTA6jDWvH6N7oZyEPnVsSgXefc7vLvq, 0x363cf38f58f2dda0eda24cdb3aa6e3b28f7d3e41667b1cfcff1a7a7472d57a4c, 25.852, balances, transfer
2023-04-12, 05:34:18, 17440835-2, 17440835, 0x0a50474c99b9e1dc9c98fc1483c81b651437332710d545058bbc590913677055, D1FjQaxGSpyxYkLp7fbmgzhrTsJrDmqhyupZie8wE7hWYGM, 0x49d8b3ea354d56b3bc7e62fe01dc3b9da89d439beb5181bfd441201215798ccf, 0.1, balances, transfer
2023-04-12, 05:34:12, 17440834-3, 17440834, 0x87c9c362cf51cde1e14341f9669463aff2c1f63a626ce4358308a8ab0a9218e8, GP9kUk2A5AvBqAsGWRBh7XXnhv6S1vRnBgfePf92VsMVsTt, 0xa86c5ac4423e4bb9b80284af93e2272acc59a75e9af04a3867e9b99a36b7a83d, 0.1, balances, transfer
2023-04-12, 05:30:54, 17440801-4, 17440801, 0xf606ee1d23d88ab65353103e9cbd417609f17616881d40646eda6494061d213d, CeB48yyRMHC5QAmGWt89tfX1fieLQLtE5V1WukqCCw7kXj4, 0x68e8ca19a25c1aee85d10ef31f6426d23b2fc84b9953aa2056029fade59450d6, 4.92702, balances, transfer
2023-04-12, 05:30:54, 17440801-3, 17440801, 0x55f1a9f4455b6b4a347bf3fae5f5505ab5cf75022a50f2796cb16eba03b4c4b6, CnKRjrrfQPjeYSxwNXtzHmeaNXcHnhgXdpzL7fTP1eyJva8, 0x68e8ca19a25c1aee85d10ef31f6426d23b2fc84b9953aa2056029fade59450d6, 39.39947, balances, transfer
2023-04-12, 05:20:24, 17440697-2, 17440697, 0xf7f116f315dfb8c337b83a7947c72249f31b6a736277dde2b3b2ebcb9b435113, Hxj9Z9BKNdCgahHgLQfZVXw2Npag4ceBEs5Gqm6ur7kYSsR, 0x60249b24b4362798742f113cc9a78c46db337871ec2ab0ce95a988a95d7df318, 4.0, balances, transfer
2023-04-12, 05:14:48, 17440641-2, 17440641, 0xb8fdaa8c1084d7c61a388064740621415362ca75776c1d6b4ee220ac4c291132, FTqYUFHJNMtUcX4j9E3mM2zNXNe3HXGtjLbpJMaQmh8stmZ, 0x7cc5e79d23002be0ec9d6356e519dc9dbf9f4fef63ae9c491f3e5e15ef9435a3, 1.1994, balances, transfer
2023-04-12, 05:08:48, 17440581-2, 17440581, 0xba3ccb3398307feaa8ee0bac54b6c52bb11986745bb7357f6302539a6836f100, CudVKLzStoX5YGuchmkWLPjch9y9LEKpeWGssv44gqgVzQh, 0x443c0ba8f048601bd709b475301f520071887f9f2818ee600e822a81d0911b64, 32.92634, balances, transfer
2023-04-12, 05:04:06, 17440534-3, 17440534, 0xb0fa44391675aed6453f9b40c7ab5a08918f1a98246344a78988d558f6811204, EwsehEPVc2Jx8LXgYHDboccQvNxAg2BN1t3pY3B7iK28RBm, 0x1a03172c58a893ec36c0d5c63c5064ab54d3ef0d9d26f519f5ddd1e20d3bfe44, 8.72559, balances, transfer
2023-04-12, 05:02:48, 17440521-3, 17440521, 0x972df57bcfdea1a259f09b86435809f9bdf191bd759405b7214a49feccff9353, ChyyzKw8PVCVvaWwy76swgDMr5PJub2WEe8EjLYVWn4thok, 0x68e8ca19a25c1aee85d10ef31f6426d23b2fc84b9953aa2056029fade59450d6, 23.89598, balances, transfer
2023-04-12, 04:56:12, 17440455-5, 17440455, 0xa03eb32b44a4346f58ee43ef9d5c9a5ff41e0c36efaf8331888613036d7e844e, ELadsi33jxYpRNLs9WoQcmG5bn5MsB6vbP92tENjKtGdBK1, 0x05d8345d3f6c45179d66adb9553ad732a4be34d6a43a40a4b6f0465c696b04aa, 23.89651, balances, transfer
2023-04-12, 04:52:54, 17440422-6, 17440422, 0xc14e86a25cb8d76e312d86fd025f9b66e0ec9f38801316573c5f7c8cd8fa2ecd, CsCK5vHjsvypF9Jr9ZywwP6VCDW7iH4VQsLwAoVzZU8KDFm, 0x68e8ca19a25c1aee85d10ef31f6426d23b2fc84b9953aa2056029fade59450d6, 6.99947, balances, transfer
2023-04-12, 04:36:36, 17440261-5, 17440261, 0xfb5b31285c95fe3ea2d1d352f15bc1bf36ce5e8549c773d2fbecbbbaeb077dc3, GopXU62HspwfUq7iJzJQqZ9YgkGCdNsqSmUGEbrbYJf82y8, 0x90e2fc3a4f0bb720427a46ded13f33a4febbeed8f1487f4986ca06fcd6efab7b, 213.053, balances, transfer
2023-04-12, 04:30:12, 17440197-2, 17440197, 0x55173ec4e6fd0efbe1a164f596ba1c025335485b2a8c43e9fe0037e072f4005a, EwsehEPVc2Jx8LXgYHDboccQvNxAg2BN1t3pY3B7iK28RBm, 0x887fdb9fd25c90d917e552e45d0a258be499337cdaf62478364400057b07bd32, 5.047, balances, transfer
2023-04-12, 04:28:06, 17440176-2, 17440176, 0x0a105d29e0e8507dfab26605c4ed9b7c53675190b2a4f38c4270f506922e2eae, EwsehEPVc2Jx8LXgYHDboccQvNxAg2BN1t3pY3B7iK28RBm, 0x3893840991cbf462daa4ab87cd212537910bdf61beb64b086b45f88762484bd3, 52.67925, balances, transfer
2023-04-12, 04:22:48, 17440123-2, 17440123, 0x38d9d732ccb2165998469234d382b7e4e5c99174695fd7a9a7ae53fbf118b1ab, CuioSvvSsKy1AJsF1qyUiKEydgqhjHi9KiZyT7dzDRUkUEe, 0x68e8ca19a25c1aee85d10ef31f6426d23b2fc84b9953aa2056029fade59450d6, 10.14179, balances, transfer
2023-04-12, 04:22:06, 17440116-2, 17440116, 0xfc3b7b9595c471a53615d5e9b9e149326cdc390f1214b9c61bae7279710e0cc8, EwsehEPVc2Jx8LXgYHDboccQvNxAg2BN1t3pY3B7iK28RBm, 0x12e89c3032bffea3e05a77050af9b45a280b308dd571e1bbf186f1422e90853f, 10.13443, balances, transfer
2023-04-12, 04:17:48, 17440074-2, 17440074, 0x4ed4d840f4d271748686208b2e03a1d1af012ac06efee8f5b9c8f6f673f6b054, F23TKcf9HnHc3FA9S7Qd6MxkKmT1pfyd77NYusZr7jPX2Ph, 0x7cc5e79d23002be0ec9d6356e519dc9dbf9f4fef63ae9c491f3e5e15ef9435a3, 1.5994, balances, transfer
2023-04-12, 04:14:12, 17440038-2, 17440038, 0x4189f2ea978098e9663ac199de420c99dc034fd81a54fe20da096840080dc30f, H1UEVsQHg8SDyQsAp4mcbrzJrbkW79yiKuRPfnQpXezne8A, 0x6c16c6252dd82c3feb8c4cdc3c95b2a93cf9508629ad1def79bf1a6201eb5f01, 1.6, balances, transfer
2023-04-12, 04:08:06, 17439977-2, 17439977, 0xa34ab4a11d7137b120c798a78e07721cdda2618a0b460c3d1e682d54fb39c34e, EwsehEPVc2Jx8LXgYHDboccQvNxAg2BN1t3pY3B7iK28RBm, 0x67fff227ea27b11f9d51a7da4c2ba262e8328b0ccf72e86d4c7369b8778a14aa, 198.892, balances, transfer
2023-04-12, 04:02:06, 17439917-4, 17439917, 0xf33bec6bec53b8845c707f5b9712ccace9bf8d9708ff67863a5ac6ad7f780e5c, GNkynzyBk26SoXZjeBZenJ3BQ8fKCRZ6wLVToCs8tDs7cT9, 0x443c0ba8f048601bd709b475301f520071887f9f2818ee600e822a81d0911b64, 18.99946, balances, transfer
2023-04-12, 04:02:06, 17439917-3, 17439917, 0xd7b3d56d19d005c348fe43950f9097aa06bc53e456d56536c4e59152d59f8f57, J44Njxrdou5DC8iAWacqoisSehWjqa9z7cjmt8GuFBDAq4G, 0x3e8a09fb9345f153d07b37efcd60d0ea13a45de90e7a06d0826c15fa840df203, 165.2326, balances, transfer
2023-04-12, 04:00:48, 17439904-15, 17439904, 0xb3bfc9ef4f2fbe2a0a35bcfd45b690a689f3cd4040c80ebae80f2e769b35bc91, EaCjheeqKAZYwWo7FLGCRrF941DFKbfbRHgeBsGS4vAHykX, 0x68e8ca19a25c1aee85d10ef31f6426d23b2fc84b9953aa2056029fade59450d6, 2.99947, balances, transfer
2023-04-12, 04:00:48, 17439904-14, 17439904, 0xcd9b678c60801793b1539837a975451b9980bdef6c4c917e6364f46ad79603e7, D5CUBqEf6XfXm9Eozh3tVHvDJk3b2jZKwYAdPnhzvBHqh2a, 0x68e8ca19a25c1aee85d10ef31f6426d23b2fc84b9953aa2056029fade59450d6, 0.99947, balances, transfer
2023-04-12, 04:00:48, 17439904-13, 17439904, 0x12fdad5146d38c5e77f83eaa273f6c90f5d2be8f3fcc6b98b80ef19c44bcbc37, GUFaVWqRsRyp3E2TTE77X5XSfDxGSDNdLetpNttFLJzy7qr, 0x68e8ca19a25c1aee85d10ef31f6426d23b2fc84b9953aa2056029fade59450d6, 3.69947, balances, transfer
2023-04-12, 04:00:48, 17439904-12, 17439904, 0xdf768fd1f36d5203f01f7cc26e5fa796b2a39b94b82c20fcf6db0be73fb85ac2, HR2dTyDvHUJL5RPaMHuAZm8fGV32718zb7csEiwYGGz71Pc, 0x68e8ca19a25c1aee85d10ef31f6426d23b2fc84b9953aa2056029fade59450d6, 0.49947, balances, transfer
2023-04-12, 04:00:48, 17439904-11, 17439904, 0xd4337aba8b482ac386154ddad873cc6415fe889569d1bb2e1d1b9b27894d829d, CphzdaP4EAbFfR1ewLbpQcDstwoJsF5ftCNj82LhCZZPvqP, 0x68e8ca19a25c1aee85d10ef31f6426d23b2fc84b9953aa2056029fade59450d6, 0.99947, balances, transfer
2023-04-12, 04:00:48, 17439904-10, 17439904, 0x0092efe683f66a1ce0d2afa4edcf414917eb3644d03e597712c8b2f041150976, HZwa658AanFKHgawTMM4xLhUayg2KH6PE6xDkDgacFtVEvN, 0x68e8ca19a25c1aee85d10ef31f6426d23b2fc84b9953aa2056029fade59450d6, 3.8356, balances, transfer
2023-04-12, 04:00:48, 17439904-9, 17439904, 0xa32b9ae55759c47a91587483ea5cd0d15fe37d3ae01cdfd53e8fdb57256c50d7, EkPWfydwhLKnwMWj7LtU63xzxe2gPcxwHHrQQGPnPdD2aTE, 0x68e8ca19a25c1aee85d10ef31f6426d23b2fc84b9953aa2056029fade59450d6, 3.73947, balances, transfer
2023-04-12, 04:00:48, 17439904-8, 17439904, 0xe74f50580b89ff3f2c2a4a40ffcb4cbfa610549d06ee2c879675375a70c2758a, Hgt9wNx24eX7o8xwrxX2Ss8mYyzb6Y9JpCpNa9MF5s96iMH, 0x68e8ca19a25c1aee85d10ef31f6426d23b2fc84b9953aa2056029fade59450d6, 9.89947, balances, transfer
2023-04-12, 04:00:48, 17439904-7, 17439904, 0x9340b45eaaf19d940fbfd08cf14ca17f019041b5607cdbc42dae27d8e5bb6556, FyW28UovRRbyX63GXCfUn3JrLhELnsHfs3RLukZ3UnDqWso, 0x68e8ca19a25c1aee85d10ef31f6426d23b2fc84b9953aa2056029fade59450d6, 9.99947, balances, transfer
2023-04-12, 04:00:48, 17439904-6, 17439904, 0x2e4ff0a2a9459790c4bb0f68ee0c448fcb3857b9c29f0ace6601e01c7ee0fed7, GiDoKyZ2pNPF23hRLAw6hzK5mkGnM7ecHp6uRfTPcMkj2zU, 0x68e8ca19a25c1aee85d10ef31f6426d23b2fc84b9953aa2056029fade59450d6, 59.79947, balances, transfer
2023-04-12, 04:00:48, 17439904-5, 17439904, 0x73b65afc182548f5c57ba54a75c7f1a2988efb478ec4ce36c4f791e13ebca98b, DzKVXyhyT6TyMKCZDqp2hU7gQ2bcsddTjXsZtL9UniG2b7j, 0x68e8ca19a25c1aee85d10ef31f6426d23b2fc84b9953aa2056029fade59450d6, 214.00481, balances, transfer
2023-04-12, 03:55:48, 17439854-8, 17439854, 0xf53f71e2a50a77b9bd791297cd3e0b96e6abaa8950c6b0842a2f8cb1c8508278, FPvFC39iK5ENE9XXupskU8WM9v35oG2j7AacqATiq7wknGJ, 0xaa8c857cedb68dc80b6e8928239111b3696dccae170934f6945bf4908de1c957, 0.072, balances, transfer
2023-04-12, 03:38:30, 17439682-5, 17439682, 0x480ae88bc2b1c3b305bc87078562686c494a16629c730127b333513fd2b15c1f, GUjRzDFqkdouV64dScRLadA45W4AX52pvmpWa2evPoFgngj, 0x443c0ba8f048601bd709b475301f520071887f9f2818ee600e822a81d0911b64, 4.34946, balances, transfer
2023-04-12, 03:33:00, 17439629-2, 17439629, 0xe9e258ea1e4ddd59f4d3a6d2c8373bbc3b45a888e52a7b455f61c4ed601748d5, DkWmumq1MNGWNs9mukEFJBYDsuMSHuAE42ZaJZ6SxjvhSbA, 0xb6f7a5d5584f76137b74a69f8497e017d25130c163f47c15415d1dea95e8285e, 45.8, balances, transfer
2023-04-12, 03:29:24, 17439593-2, 17439593, 0x385f536d3a41b428d7714cf401f409e7cf3f7f510fd40e1ffeb7b36a30d395bf, E7ncQKp4xayUoUdpraxBjT7NzLoayLJA4TuPcKKboBkJ5GH, 0x61dd7092c7cf51241c0cddcc083227d40b93facab53d97cb4b8284f10296e5c9, 1.98, balances, transfer
2023-04-12, 03:27:24, 17439573-2, 17439573, 0x9d52d267577c3c1d4d18acfac084983ca4ec9aba89ae824998bb6b16b267df70, E5e7udunYE3Pa51YzgFSdu6fCanPPXr7sUwoYXEn7T5A2zv, 0xf25510cdba4347a7a204f239f8c44a8e978d6a2c18a4f949912ccb1d5c3b5511, 105.11966, balances, transfer
2023-04-12, 03:27:18, 17439572-2, 17439572, 0xb26e7a9ee03ebb3e3d9146bade3f66ed1d4d0a39bc523232bdc6348ffe2d556d, DFmKcewnqZwQqBaEKPahrMKGMGLtwYoEJwSHs7rkDAcuahb, 0xf25510cdba4347a7a204f239f8c44a8e978d6a2c18a4f949912ccb1d5c3b5511, 499.99947, balances, transfer
2023-04-12, 03:25:00, 17439549-2, 17439549, 0x074576b7ba8e7b66ab26100bbc4d5b59d970065ada5c05740db6810fe9c32d92, GhhskQFrxoSNBqDY3oXiKp6kJiSXhz7U7wcnnySzqaet9Uz, 0x443c0ba8f048601bd709b475301f520071887f9f2818ee600e822a81d0911b64, 2.02416, balances, transfer
2023-04-12, 03:24:54, 17439548-2, 17439548, 0xfab1fcea59bf425a41932aa1390bf5c053a8a8fbf62a5e4bd48324f17e7b315d, CzbcJ48jKNoh9Kiubw7e5Y2Ur1XggipLVfmnnQxpFTbvCU3, 0x9662b2ff95394b45d8378572d7e840a3170b665437efbbbe109ed73df474176e, 10.0, balances, transfer
2023-04-12, 03:22:36, 17439525-2, 17439525, 0x1b69b4ef0ce5a267cea3779cb544aebe1a2412fcf5763415b512164fdbc3b6c9, E7ncQKp4xayUoUdpraxBjT7NzLoayLJA4TuPcKKboBkJ5GH, 0x61dd7092c7cf51241c0cddcc083227d40b93facab53d97cb4b8284f10296e5c9, 1.0, balances, transfer
2023-04-12, 03:19:06, 17439490-2, 17439490, 0x8243c1c7976812e8bf9c73efe54b2ed290b4c7b50e10cb9ee7635ec447e54656, E7ncQKp4xayUoUdpraxBjT7NzLoayLJA4TuPcKKboBkJ5GH, 0x4298f873f374393329fbe60b9005c3ae6215a3364ebed30c096e6ee885e19624, 105.12019, balances, transfer
2023-04-12, 03:18:00, 17439479-3, 17439479, 0x284d46c51d11703cc5b6da3824e5f13496a51ee666abcaa0272b94591613b728, GXgwqMyxoRoxt39ZUsVYapPhkZvY6pXwcBXCpzcD5ZsvqXJ, 0x443c0ba8f048601bd709b475301f520071887f9f2818ee600e822a81d0911b64, 0.76946, balances, transfer
2023-04-12, 03:18:00, 17439479-2, 17439479, 0x475a1132999ec9ede8ae89aaa3546bce5af2613580510664817c49b41e8bba5a, GUjRzDFqkdouV64dScRLadA45W4AX52pvmpWa2evPoFgngj, 0x443c0ba8f048601bd709b475301f520071887f9f2818ee600e822a81d0911b64, 9.84946, balances, transfer
2023-04-12, 03:13:30, 17439434-2, 17439434, 0x4b48ba9ff4df9f626a5d14f9552a668fdd9d1caf17dd7dc623aafc05513acb1e, HnjRkqSEuZk4c3g7YmZVCvcFoNcBqQBYx8VNwtgUjhRZj6a, 0x02f07e38a1a14591347d912429d9f5f1d828d6dc3b67a94303b599495479bbe5, 1.98802, balances, transfer
2023-04-12, 03:13:24, 17439433-2, 17439433, 0x3f1f7b383e0e8a45c11a83fff01d7376a9a47d3480dc8e58a8859f6952e55780, HnjRkqSEuZk4c3g7YmZVCvcFoNcBqQBYx8VNwtgUjhRZj6a, 0x02f07e38a1a14591347d912429d9f5f1d828d6dc3b67a94303b599495479bbe5, 2.93952, balances, transfer
2023-04-12, 03:12:48, 17439427-2, 17439427, 0x83554be0028d6d078ec371b5a117aa419b21c24c8dc24627e5ebc6d7575bf520, CeB48yyRMHC5QAmGWt89tfX1fieLQLtE5V1WukqCCw7kXj4, 0x68e8ca19a25c1aee85d10ef31f6426d23b2fc84b9953aa2056029fade59450d6, 2.91788, balances, transfer
2023-04-12, 03:06:18, 17439362-2, 17439362, 0x5e521c8a2aeb4e74e6ef123f83933493411ad3a727ac0b09ac673803480352a1, H1jaz7Hf2WoLGAVDzKTnKcGXTuFvDXAesa6C7X7QhWKEQkE, 0x4e6d5dcc916c3e66e26f720f3042e3b9f0aab417210077c005c05f5653249454, 2.47921, balances, transfer
2023-04-12, 03:04:06, 17439340-3, 17439340, 0xc80c914dcb309e9e9287e845ff8d3564d1c445f29c4862e24a346fbcfa3633aa, EwsehEPVc2Jx8LXgYHDboccQvNxAg2BN1t3pY3B7iK28RBm, 0xba176de342e66a7dd369356920b582d92a8f3e036e75751282073ecba90c2a44, 1.0, balances, transfer
2023-04-12, 03:03:24, 17439333-3, 17439333, 0x349195db79700a741e3056c3dab4711cd26a7d471b503db6234d77235ff290da, DkWmumq1MNGWNs9mukEFJBYDsuMSHuAE42ZaJZ6SxjvhSbA, 0xb6f7a5d5584f76137b74a69f8497e017d25130c163f47c15415d1dea95e8285e, 14.0, balances, transfer
2023-04-12, 03:02:30, 17439324-9, 17439324, 0xbb2baa9a31556caa0133731a97524c8f68ecb6450289f392eee38b5f4db76f7c, HnjRkqSEuZk4c3g7YmZVCvcFoNcBqQBYx8VNwtgUjhRZj6a, 0x02f07e38a1a14591347d912429d9f5f1d828d6dc3b67a94303b599495479bbe5, 2.91841, balances, transfer
2023-04-12, 02:58:00, 17439279-10, 17439279, 0x8fb06c982c5a92c474c87e7541e8600ac8683ef27d49f96c6de622ed1912d551, CuHWHNcBt3ASMVSJmcJyiBWGxxiWLyjYoYbGjfhL4ovoeSd, 0xeef89ce4837120ec94edb5d53eacb21fabbfff29a0b29ebd165a3b0594ff3607, 2.0, balances, transfer
2023-04-12, 02:57:36, 17439275-8, 17439275, 0xa7f17ed5e2276b12cc7171e429109f5f52da984feb8b8ab2341b874aac371bcd, J2FmaUfTumy52SSrhUKnu8FRVGzAG73F6YpP6R8UdPnxJZE, 0x443c0ba8f048601bd709b475301f520071887f9f2818ee600e822a81d0911b64, 1.65946, balances, transfer
2023-04-12, 02:56:12, 17439261-5, 17439261, 0xc3a3d011776d68798ea52b710628245d4e19319b71dde0c35ca48a4aedb0c19e, EwsehEPVc2Jx8LXgYHDboccQvNxAg2BN1t3pY3B7iK28RBm, 0x9a037cb6fb793e409a2db71601f8c9adcdafc0b7ef58755d5ecbd8c8d7725609, 29.21135, balances, transfer
2023-04-12, 02:55:18, 17439252-5, 17439252, 0xb015cb0675af2ba3c5ab00ae0f12128b3c7dde2c44924a3eabc7b1c93768d9e4, GRwQFp64GKDK4NRMyEyp6bjGsqCrG3FrvdiMk7aH4vRGmzj, 0xbf30f59a4ce3eb63d1050112705e7c90854fb7d456aade769095dc5a98c518d7, 0.082, balances, transfer
2023-04-12, 02:54:06, 17439240-4, 17439240, 0x0d6d07ca704daedd2e5c7d0c93eec5f961bc844aaed6b692a521cec740de0465, Fd9agFGK7JmTZexLNwMsdEjAtty5PFQhC3JMoMD8cSs6Hva, 0x443c0ba8f048601bd709b475301f520071887f9f2818ee600e822a81d0911b64, 1.27946, balances, transfer
2023-04-12, 02:52:54, 17439228-6, 17439228, 0xbb7c9a57ed1a92a3eb36784c5e552674c627fc52c05196bc2bda8341e204cc2a, Ecwo5t2LukeQjGjzVPK7khdjbnpFSxP2iTpjJBsezY8Exzy, 0xf0f4edf70a6869d7d004b379777b4223656369435c41ee9910ce697107956015, 1.66, balances, transfer
2023-04-12, 02:46:06, 17439160-4, 17439160, 0x4d38901ffb36d5a501e136bbd4af001461bdc0bd59a846519c9d039f762bcdbd, EwsehEPVc2Jx8LXgYHDboccQvNxAg2BN1t3pY3B7iK28RBm, 0xe6d2a62bc34f2128aa52e1881c90606394e1054c24300258f097b003023b7e49, 3.152, balances, transfer
2023-04-12, 02:44:36, 17439145-3, 17439145, 0xf4102b1256b92adac91a168df2758480fd0e2c8e3718de732ecea6611cb01bbc, DWwcFkGCmh8my63JR58eDeP3LuTzWU5MFsRtWNLZSikTCFF, 0xdce349ed20bbe5626bb7f294e93912191eb579cf0296e6624e47f7e2b8ebc951, 3.83613, balances, transfer
2023-04-12, 02:42:24, 17439123-4, 17439123, 0x2ea55b093fed7ce10869a0ae71280f3cf26d5173c69c9e48e83a68d762863893, ELzQ1FFQmKVpXhXYvjCPzTE7SCahhhqhtWRSz99ApMZsoNE, 0x4e6d5dcc916c3e66e26f720f3042e3b9f0aab417210077c005c05f5653249454, 1.07921, balances, transfer
2023-04-12, 02:40:06, 17439100-2, 17439100, 0xa4fb9081a6350328216244cd6ca13f6e7dfefbc42b5c35cdf68c707b2e629095, EwsehEPVc2Jx8LXgYHDboccQvNxAg2BN1t3pY3B7iK28RBm, 0x007aebaed475f450ca41479ae7b38c8f483316ade5e6164d3e21c9442556990a, 2.99046, balances, transfer
2023-04-12, 02:28:06, 17438981-2, 17438981, 0xa7facf0a1dc87615103f0893b6c675062732483bd8076ef08615d431c10ae704, E7ncQKp4xayUoUdpraxBjT7NzLoayLJA4TuPcKKboBkJ5GH, 0xca4b1c51a3bf66af076145f088443de0ef7cd283e0db88a50032a1cd34f3232a, 8.02062, balances, transfer
2023-04-12, 02:14:54, 17438850-2, 17438850, 0xd16b10295a74e712dfceac7dec27204b4819dc6dead4e7727176636eeac2693e, E7ncQKp4xayUoUdpraxBjT7NzLoayLJA4TuPcKKboBkJ5GH, 0x34cd97eea8d7958109c6db5e35eb407390555d9d07313768c374358cda816412, 14.99, balances, transfer
2023-04-12, 02:13:42, 17438839-2, 17438839, 0x781850df1490a397e063a08d05fe61820eeaefc98898c09e9842c55f6beabd11, DzQ9kuBxwsvfvYCVxQpakJFvAB2T2wnFyyZ8YLCAjfMaWpp, 0x443c0ba8f048601bd709b475301f520071887f9f2818ee600e822a81d0911b64, 1.55946, balances, transfer
2023-04-12, 02:04:42, 17438749-4, 17438749, 0x8f22d1229320552f615801127738c493381399c7a8c21369c0d4575fdcf04ffa, E7ncQKp4xayUoUdpraxBjT7NzLoayLJA4TuPcKKboBkJ5GH, 0x34cd97eea8d7958109c6db5e35eb407390555d9d07313768c374358cda816412, 10.05254, balances, transfer
2023-04-12, 02:02:54, 17438731-9, 17438731, 0xf774eb39435eb3508edcf0e48b6ef79f1d8f17c6473926f8a44e6be9031b8113, DYCYLA1DWTUiZZQUA2WAYWowCzcYimopiXHu16tP1o9WrqR, 0xc816d6a36c2f2210349b7ceeeef72379727d9df502e30e05570da4612bc3fa89, 2.0, balances, transfer
2023-04-12, 02:01:00, 17438713-4, 17438713, 0xaad9af7924de7ebaece85921481f8d82e597b0d35639e0c7451bb9d8a4984eaf, CafQY6B68ABZBn2RKMDcz726EMLXc1aMJpCAicNtZ2wVpgk, 0x3ec2de749f71a51aeff8434006586064a4d2e768a8214ba748ee3321de63a96d, 30.62571, balances, transfer
2023-04-12, 02:00:24, 17438707-9, 17438707, 0x5215632b0315a35dc08651faca8be8d0ab2f0e29db7b32ba14acabf20e8f3f20, DFnSoPui7umpyv6N5oU3i299fYHru1dQs4AW8FSRQwG1jCm, 0x4e6d5dcc916c3e66e26f720f3042e3b9f0aab417210077c005c05f5653249454, 0.31947, balances, transfer
2023-04-12, 01:57:36, 17438680-5, 17438680, 0x380db3682273db577078e1a1a9d7c74fc4e31c72ede84bb3c5694f686448417d, D6CWuEnpJHVKB8VEf3CmppJqBEqx3tRxhnGUH8mmWSkPbdG, 0x1e1937d00c5ab7806dd80380e48754a9c357809a2183afd83281ed1df4afe22a, 0.32, balances, transfer
2023-04-12, 01:54:06, 17438645-7, 17438645, 0x75e3b46daa06d71aeb68d7dea0ce0885947d3137431c69892e035adb1b063e1c, EM9jxKiiB4vU1C66Wg7MzFxNXJmY4mPgpPVafK1Kjw8FHyj, 0xc0effee814fcd79272253acc4cf837e332120c484166e7441b6333b50fdf1b0c, 11.0822, balances, transfer
2023-04-12, 01:52:48, 17438632-5, 17438632, 0xe3ce4639f77deaa00c166abd32ef7eac6cb397635ac823a1d3a83d7cd693f2dc, CuoEPSvvHEMCrf6beAK9txzw9ndVgWgw1WT92zQpqAriZV3, 0x68e8ca19a25c1aee85d10ef31f6426d23b2fc84b9953aa2056029fade59450d6, 12.99947, balances, transfer
2023-04-12, 01:36:06, 17438466-2, 17438466, 0xb1d94744fdac44887f59f09bd1926bdd5ec98aa934df307f3e71292f80c36ce6, EwsehEPVc2Jx8LXgYHDboccQvNxAg2BN1t3pY3B7iK28RBm, 0x1ffd46c3dd6e86150fa517e7daab96601385739b1a4115092737b389795115d2, 1.7175, balances, transfer
2023-04-12, 01:33:06, 17438436-2, 17438436, 0x937c67aa90a3236639f291a619dc494b43c65f24089e1088f2c072e646ab912b, HLP2WNBn8LKY1N6tVea2ttLYSCku46cXXQcCuZFBMCzuSdr, 0x8fb4fd62507ad72a7f59d67b4acdd977c29505b428c482aad1deac9bf8aad748, 0.00947, balances, transfer
2023-04-12, 01:19:06, 17438297-2, 17438297, 0x9b927b8e05824d2c91ea374bf0e9136be9506d60b8f85ab4405d90b8566b7dec, EM9jxKiiB4vU1C66Wg7MzFxNXJmY4mPgpPVafK1Kjw8FHyj, 0xc0effee814fcd79272253acc4cf837e332120c484166e7441b6333b50fdf1b0c, 0.812, balances, transfer
2023-04-12, 01:10:12, 17438208-2, 17438208, 0x8b6800697f117457fcf70170ca67d605729502bf14994f3826233cef0b1f6da8, DzcNh7x1qpApmT4JiZ1KnWBtdNZ7J9J7cusnSmNYSJ2LZUF, 0xd28b8b40c78c293cd128785c4e2e9309f6a61adb6498a94b4709338997cde007, 13.08728, balances, transfer
2023-04-12, 01:06:18, 17438170-3, 17438170, 0x42ba386c9d2e4280f339f2d579b43354bfc73df2479209bd26743a36121726f4, FPvFC39iK5ENE9XXupskU8WM9v35oG2j7AacqATiq7wknGJ, 0xd27a8793bad7e793143f11af04c5169cfee720f66128fdffec6ab51b87031f76, 1.0303, balances, transfer
2023-04-12, 01:01:48, 17438125-6, 17438125, 0xe9e0540f0fd627fbaa96e4e2095b2d3ebe1d06fa3d4597dbd7dc3c57c3e1270b, HnjRkqSEuZk4c3g7YmZVCvcFoNcBqQBYx8VNwtgUjhRZj6a, 0x3432a8ae379f50188c22f51b535c07caf78d4c8f288d46d833d91635cc564234, 2.99873, balances, transfer
2023-04-12, 01:00:12, 17438109-7, 17438109, 0xf5f301e4d8152e4b035245fd76f817e2a90cc56866990b9d5365fa40b821e6ba, Fo8iQQLhdPZSgVrULePVw2HsizuiCf8yG74jJP3W5FmqSYV, 0x443c0ba8f048601bd709b475301f520071887f9f2818ee600e822a81d0911b64, 0.19946, balances, transfer
2023-04-12, 00:57:06, 17438078-8, 17438078, 0xe0fafb29a1e0e6abe460815b7f86672c92efeaa3c322566a9fb2ab4ef945c5f7, Db1jPiUGhggCG9uGVYFMEJgmFe8UzQE7bhd5rUpKKN5TaAE, 0x8937571378a13ae37c63463f9f5739c937e5cb95b25769236bef478efc9ce382, 0.03, balances, transfer
2023-04-12, 00:56:48, 17438075-5, 17438075, 0x3978a2789e148ab435e9f8ebf63f7b6df33947cf5b30c52eed4bb355731cbf62, EEphmafUGVVXbxeDupAQA4q7orpBgC8QY4mSWY2NBbM41Kp, 0x7cc5e79d23002be0ec9d6356e519dc9dbf9f4fef63ae9c491f3e5e15ef9435a3, 8.9994, balances, transfer
2023-04-12, 00:52:48, 17438035-6, 17438035, 0xf6a58a266d77ad37860641e60206478de12dadfcd18eaeeb34d8ec61b904640b, FPvFC39iK5ENE9XXupskU8WM9v35oG2j7AacqATiq7wknGJ, 0xda331189f1e7a7a6055dab543cffddfe90888044d75791cfcc13fc02e5841664, 4.99, balances, transfer
2023-04-12, 00:52:48, 17438035-5, 17438035, 0xbbac2933133d85cd07f5fb291fe7ab7b262f5c99aa0ef69b49f2be62eb0552ab, CrPVMMetW5yEhDf7WiqSojPd3ipQw6t1PnWhkBpmJfjuvV3, 0x68e8ca19a25c1aee85d10ef31f6426d23b2fc84b9953aa2056029fade59450d6, 1.25046, balances, transfer
2023-04-12, 00:52:36, 17438033-6, 17438033, 0xf89b52af264d61e0cb5243e0388acb72404b97fd589f544b80522feee6f8c13f, Gr3VqYW85kuZokrWzeNC8rT6R1sopMkpgN1v8bgTiQQx1M7, 0x4999ceb4c9d2372a8db5a59feb184564d74678b71741e71dddfcaa8c0b288ca8, 9.0, balances, transfer
2023-04-12, 00:52:06, 17438028-5, 17438028, 0x43ebb1ba7c1ac59a96fd5cf6989504242b45fc5055018de333d2d0c78093394d, CqTu1Kad1wP5S3QiNyvBqZ5TRqa1haWzCW9oGGqXrEizPDw, 0x8fb4fd62507ad72a7f59d67b4acdd977c29505b428c482aad1deac9bf8aad748, 0.00948, balances, transfer
2023-04-12, 00:52:00, 17438027-8, 17438027, 0x819c060405bf1aa64bf931a29f312b01234eea7927dba9d12eee9b5772d8344b, Gr3VqYW85kuZokrWzeNC8rT6R1sopMkpgN1v8bgTiQQx1M7, 0x8cdb5d422d1141a66acf0533ae08b5e73ef2dbebed8e725e1e91cbb70610175d, 2.0, balances, transfer
2023-04-12, 00:51:48, 17438025-4, 17438025, 0xc8e060c7481de52d591dc6ed27ac51f284c7476718cb29cfc3bfd27700ce479d, FPvFC39iK5ENE9XXupskU8WM9v35oG2j7AacqATiq7wknGJ, 0xaae812b7e8badc8be23442a6a9ece03fd128c8b5da9bf81c0e0a0f615ddaff66, 0.967, balances, transfer
2023-04-12, 00:49:36, 17438003-6, 17438003, 0x7573147da3753ef99f83752e1c3336b98fff520879d85d1ba22cbbd874283832, EavH7b9jPnc228G67y9mfgSSiiDQJ7EAYJf3vBm4Ru6kPTR, 0xb20860865ab6b8bf77a6b53f2e5a434ed42f7a91adcebf170427bbbc3bbabc19, 1.0, balances, transfer
2023-04-12, 00:47:42, 17437984-4, 17437984, 0xa7178a48caf5a31c04c739b507a0f4313a8583c4d0a2a02acaf23e0b0780f72a, E7ncQKp4xayUoUdpraxBjT7NzLoayLJA4TuPcKKboBkJ5GH, 0x00725cbb3eb7e1fda5b19c7ab123a08c1a28b16d17fb4d6d09f679012ba38c04, 44.84376, balances, transfer
2023-04-12, 00:44:24, 17437952-3, 17437952, 0x5f31faa9d707312f8ce01661d9ae7d61ed7cfd13846958c94dd0a3661b5729d5, HfkPkkRniA5o5dPi8hapDRRSCGcMJqWqe9vfksdFJYiJRsC, 0xe22e818cc927f236233b75779b9de00ab6435e1b4f60a28f72b1de96bcf75f3b, 9.9, balances, transfer
2023-04-12, 00:43:18, 17437941-5, 17437941, 0xda40e4819a9848517255c509b4bad7fe5c43be943125736f62675549b995960b, HXCG36ropvToGDNknBiA27hCbBJzW68HguJ5BYqSEh9sKhh, 0x443c0ba8f048601bd709b475301f520071887f9f2818ee600e822a81d0911b64, 4.37946, balances, transfer
2023-04-12, 00:42:48, 17437936-5, 17437936, 0xfe2a446ae5eeeeb3935e799dc68243940b5b84ae44a93bd53c70c861a33974d3, Cupmx7PTkiF9CEQNt13ZNeUyCY5Y87e4ojZAzSnB1gcGMnv, 0x68e8ca19a25c1aee85d10ef31f6426d23b2fc84b9953aa2056029fade59450d6, 14.99947, balances, transfer
2023-04-12, 00:37:30, 17437884-5, 17437884, 0x53206496802d38908fddc642142426cc1310053c3d06d16182384925ec5795ee, DdiySauWxbBeQxUaHzFETA7qhzY53aFiENACtYZQ3Cno38s, 0x168262b44cd78287d22c808878aab2eb8d5e591ac04b26cb8056043cb3a73f2f, 0.30925, balances, transfer
2023-04-12, 00:34:30, 17437854-3, 17437854, 0x667981ffc1957fb07f08e583a4878fcd79f703822b97f02bdf3c3cbe1e943b52, CspNJ5uJ9WcF6Nf6sJY9YRQL3dWZmKrMnmd2qY4BXMTGEgi, 0x0b8ce3bb4de6474a9138ebe73036f06475eebbdd8bcebb80bdd95cfb07683bcc, 0.14715, balances, transfer
2023-04-12, 00:34:06, 17437850-3, 17437850, 0xbaa407c7bf748dd70d5b846b09fa27c3f0bf536a77b51f88e93de961825dce64, EwsehEPVc2Jx8LXgYHDboccQvNxAg2BN1t3pY3B7iK28RBm, 0xcc986fbc0ab448b1e3ee962f464b7c1cee895049c806ec8f9a23c5ee2ff2125d, 46.74984, balances, transfer
2023-04-12, 00:15:24, 17437664-2, 17437664, 0x36dd0bd8bf9aaa5d657c7116bd479367aea8291fb8354aed508dfc679a2d50ff, DxFGwDtvD2Vo3Jja2DB6cbYwTHR347tAa9RYQtDJVDU4iL9, 0x4e6d5dcc916c3e66e26f720f3042e3b9f0aab417210077c005c05f5653249454, 9.57026, balances, transfer
2023-04-12, 00:04:42, 17437558-4, 17437558, 0x25f0b6d4f028f5009502730ee8dddfb14114527768d1b417d105e7f2ae23d1c6, GBktr4mkCDpNLSHzNoGyXr25CXix2bSq8Wa6tZLGbZ3UEvW, 0x078c6bc3f324fe65b28d9b981d7d672fca1e1315cc3c9be1c59bb06ec4b59017, 38.37656, balances, transfer
2023-04-12, 00:00:48, 17437519-5, 17437519, 0x509d5bb6f36bde462abfbe8fbaf987f1fe343acbae22453f90b82ca44e019b8e, HqjELJxU87N69NKy4YB7bNEGr8SC9gnLDxBU3qVzxMZ1uuS, 0x68e8ca19a25c1aee85d10ef31f6426d23b2fc84b9953aa2056029fade59450d6, 2.13947, balances, transfer
2023-04-12, 00:00:48, 17437519-4, 17437519, 0x7c331d5860f0ad8f22e6a92d8839396c5ead697339c9fe9c28f054c5c9b9a9f3, GyrAKsGbDMVC9RhdwtuBJoaYCF4soFCi5rqpkeTGzn5viVU, 0x68e8ca19a25c1aee85d10ef31f6426d23b2fc84b9953aa2056029fade59450d6, 1.77947, balances, transfer
2023-04-12, 00:00:48, 17437519-3, 17437519, 0x300d7442a72e22afffd6208e77b2faa8c3a153efdbcfb00c2aaeb36a9ebbd005, DkumdmJYdWAJmvSgk68PFt6bJ4JN7tJAofqWfcgkuwPa2CT, 0x68e8ca19a25c1aee85d10ef31f6426d23b2fc84b9953aa2056029fade59450d6, 2.99947, balances, transfer
2023-04-12, 00:00:42, 17437518-10, 17437518, 0xe601961ed1e324df184b52126347fea07a9f980f53194222b92e57a37cce7a99, HeuVaUhNpD91wXYtNmv3qfRnmi4sAShfVnW9idcXYP5o1Xv, 0x68e8ca19a25c1aee85d10ef31f6426d23b2fc84b9953aa2056029fade59450d6, 17.49947, balances, transfer
2023-04-12, 00:00:42, 17437518-9, 17437518, 0x94f0fce109511f1cde127b1edd1e05f7e5039e3a95e2f8d06a6c35f8c3e4dc1b, DGCLYjHdqV9ibTrtkn9siGT5AyyWm1MwGUNudHaCBUAuFgP, 0x68e8ca19a25c1aee85d10ef31f6426d23b2fc84b9953aa2056029fade59450d6, 76.80186, balances, transfer
2023-04-12, 00:00:12, 17437513-6, 17437513, 0x0adec49ef8789bd96635b6f301b01eefd1df5fa8b496fc44868db72433c2eb1d, EwsehEPVc2Jx8LXgYHDboccQvNxAg2BN1t3pY3B7iK28RBm, 0xcd9c0fac811f3acb528a1f69254f06d33f908c42ceedd4cd2eb6950cd9a9cf01, 12.23, balances, transfer
2023-04-11, 23:52:48, 17437439-6, 17437439, 0x5b90d3fda5da42abf1d288c9d6fc4d61aa4bacc4f980d54aae0483af7c53563d, Cu9FBnzDpFXgjtiNZFnLjhT3xtNo2zzNPAU39Mq5RauAPum, 0x68e8ca19a25c1aee85d10ef31f6426d23b2fc84b9953aa2056029fade59450d6, 2.29037, balances, transfer
2023-04-11, 23:48:06, 17437392-5, 17437392, 0x9525d4508a8746f4b4c4dc92e481a105527004d73b5a470c334020a710b76c71, EwsehEPVc2Jx8LXgYHDboccQvNxAg2BN1t3pY3B7iK28RBm, 0x7319d135a738a99b59face9ce25023529220d2b52c466a8f86ce963362f299cc, 1.83, balances, transfer
2023-04-11, 23:48:06, 17437392-4, 17437392, 0xb4867614b7cba239c9196e89d545a6cd086abf4ef4d9b3ba5c9195ea16834c68, EM9jxKiiB4vU1C66Wg7MzFxNXJmY4mPgpPVafK1Kjw8FHyj, 0x08915407b4d181055890db3c284cb3caa36be8f2770a45157c199a0d60ec0b5c, 8.0429, balances, transfer
2023-04-11, 23:47:36, 17437388-4, 17437388, 0xfa225eb0a44c02f385c4f397d2ece4f2c8b738cb43f2aab748da677fba36727a, E7ncQKp4xayUoUdpraxBjT7NzLoayLJA4TuPcKKboBkJ5GH, 0x5a7914363e7877052ae241c2b4cd9dae8f22697efbb60496ba57f7faec74de7c, 3.64, balances, transfer
2023-04-11, 23:40:54, 17437322-3, 17437322, 0x0dbf0aafa6cd4584777c52792f2932b52f4e63593057019c6dedfe5d995538c5, E7ncQKp4xayUoUdpraxBjT7NzLoayLJA4TuPcKKboBkJ5GH, 0x5a7914363e7877052ae241c2b4cd9dae8f22697efbb60496ba57f7faec74de7c, 3.64, balances, transfer
2023-04-11, 23:38:06, 17437294-2, 17437294, 0xf1c35445c6e25fd33b16829bf41e326bed8072b25ab0174eebd5dae4f50a6b82, EwsehEPVc2Jx8LXgYHDboccQvNxAg2BN1t3pY3B7iK28RBm, 0x1e562246eb402d9a317f10c9aeb467103fddea4f7aa5da63f29d37172144a102, 3.51447, balances, transfer
2023-04-11, 23:32:48, 17437241-2, 17437241, 0xd65b9daa7198b893a17f4c6c5e0c09f62775610083b082023f2d053c4e75aa44, FPvFC39iK5ENE9XXupskU8WM9v35oG2j7AacqATiq7wknGJ, 0x0e5b153020ce3205bbe751c307426d6a393c0edba9369ce17fd0260f2d908988, 2.2909, balances, transfer
2023-04-11, 23:31:18, 17437226-2, 17437226, 0x6d9296980ffdc4868742aa6e392b7aec454d11f46da74989656dd8201de102d9, Eqh1yqZ8QjSByFVbMUphryfGaSvAcSkHPrhqpHkBe73nsGW, 0xe8edac502f495e066ee0c8bd932517c6acd0478ebb159f8e31835ee9df3afd23, 2.14, balances, transfer
2023-04-11, 23:15:30, 17437069-2, 17437069, 0xd51c47688455697f6208cab4185fb6b72126214f197285bbc59f75218c3bd6a2, DchivRo8afQEiK731M3MtFZwbAE1tj3zzUFCpiZqpy1zYLE, 0x3cdf41f721ca5269ae0eeb4343cb60721fd8cbac7022328cf959d7c3e728d969, 0.5, balances, transfer
2023-04-11, 23:14:00, 17437054-2, 17437054, 0xb1f10bb6d4dde29c53bb597b265996d4b4c3fd9c8994cc361a7f53a268814620, Dkm4EkhHawnBdhhEB8sXAuKazFyZ5Lz19YgW1Tv7JEhY8Gh, 0xc57ff404241be80e008fc6a91a6a0f598acf65acbe1ad5098e4fea522157287a, 3.3, balances, transfer
2023-04-11, 23:12:12, 17437036-2, 17437036, 0x861efd193b9b7d7699df7faa8fa52f70096308bd2aa9fb936c887a20dbec410a, FXfdLZvfVjXQbxYF8ujJJQuyMxBPkTiFfJEZXGEGcPDY1tn, 0x1e69a57453ad5a4ba066272d43a3c6f21b5ae317731dcaf188495519efd3cf5b, 76.80239, balances, transfer
2023-04-11, 23:04:18, 17436957-3, 17436957, 0x6550f91c020c96e211cc3c653eb32d3e74214909ee1b52d7a83ab8d184a26eca, E7ncQKp4xayUoUdpraxBjT7NzLoayLJA4TuPcKKboBkJ5GH, 0xeadd9d4f686030120d13f289e93e0f633c6ccc854571fe0cdf36016fd2740eee, 1.60032, balances, transfer
2023-04-11, 22:57:12, 17436886-5, 17436886, 0x0de03a115de8aa779415124a7cb9c641310720a320527eac84a4aea6390de3ea, E7ncQKp4xayUoUdpraxBjT7NzLoayLJA4TuPcKKboBkJ5GH, 0x5a7914363e7877052ae241c2b4cd9dae8f22697efbb60496ba57f7faec74de7c, 3.62, balances, transfer
2023-04-11, 22:53:48, 17436852-5, 17436852, 0x9e9362714e716cfd7133006d3c00cfff89d70c430593a5101a8ec9f17a48a771, Eqig8xdFSCgz5GrWKqYFkDZeoCa1zUijGNSrJ4UMTRFxjeu, 0x7cc5e79d23002be0ec9d6356e519dc9dbf9f4fef63ae9c491f3e5e15ef9435a3, 1.2994, balances, transfer
2023-04-11, 22:51:18, 17436827-5, 17436827, 0x31f306b2c3f2bef6bbcd052bcd6e2d5e16dce18d4e0477245835a152da1f319f, GhuhzKLEikWiCDq5hqUsdYat94MSvy4RpU8MtaHkgq2Lu5D, 0x6e2720ceafcac2736c57ef7857401be4c54d438a8dc4b66728fa7bfd4e432f0a, 55.32947, balances, transfer
2023-04-11, 22:49:18, 17436808-4, 17436808, 0xfd6fd52d3c2015d48adc1350b91f04ca81eacea8e96f95d53ee03ed5cce6d36f, D5HUVHjFYDtWzHaKxqW9NDbjkmVqDxbTUn1tqMZuzBfNLoT, 0x443c0ba8f048601bd709b475301f520071887f9f2818ee600e822a81d0911b64, 55.96946, balances, transfer
2023-04-11, 22:46:54, 17436784-4, 17436784, 0x35e446108f160cc9a60d304dbf69a5690052a2d188a77417ad6e5d108cd42107, Eqig8xdFSCgz5GrWKqYFkDZeoCa1zUijGNSrJ4UMTRFxjeu, 0x7cc5e79d23002be0ec9d6356e519dc9dbf9f4fef63ae9c491f3e5e15ef9435a3, 0.1994, balances, transfer
2023-04-11, 22:46:06, 17436776-2, 17436776, 0xc828bb606b3a82ed5081f60e1283b8a678dd1794be21463636a9afcda2623453, EwsehEPVc2Jx8LXgYHDboccQvNxAg2BN1t3pY3B7iK28RBm, 0x59231de8b99e8a9440328c2776af88e6e402bb766a1c45b876aa9aae06f2bf93, 2499.99, balances, transfer
2023-04-11, 22:40:12, 17436717-7, 17436717, 0x31cd1accc601e8e0569c7fb377ba0dd73007d9911c7754e18b32909d09b0baee, GRwQFp64GKDK4NRMyEyp6bjGsqCrG3FrvdiMk7aH4vRGmzj, 0xaa8c857cedb68dc80b6e8928239111b3696dccae170934f6945bf4908de1c957, 0.08, balances, transfer
2023-04-11, 22:38:12, 17436697-3, 17436697, 0xe145c029bb8baaf49f986746bdbedf4f64801880fe850f6421fb50ee3691d54b, EwsehEPVc2Jx8LXgYHDboccQvNxAg2BN1t3pY3B7iK28RBm, 0x16173d3e5de840470d9d379f2ea53cbce0a35d19aa23402ef997732947a4f57e, 55.97, balances, transfer
2023-04-11, 22:23:30, 17436551-2, 17436551, 0x508e55754d26cdf05bed1fef678bc3d3793ca2ec6c75741e01d7684af5b1a1db, E7ncQKp4xayUoUdpraxBjT7NzLoayLJA4TuPcKKboBkJ5GH, 0x9481f2a856e21d40e4f002e54afd0059d94ecb167bab5f6045f5552870a4bd3c, 0.18157, balances, transfer
2023-04-11, 22:23:24, 17436550-2, 17436550, 0x3a0276aba6a2b1b6d11c80a334b728441c1dd1d45928deb77b5150ba403d5f6a, DUgHCXsQpzsVLjJr5aqu2WLrp6HYDVqE9aamPXxWM7P68eF, 0x344ffdf1293bd3026beff66ed5feac43e2c1df4477ea27ee967f77e36e9c041d, 3.0, balances, transfer
2023-04-11, 22:22:48, 17436544-3, 17436544, 0xc30cf472248e9b4a464eec1a46d3fae543c846259d44ec8242a71b65de1a61a2, CtT7nn9S4R32ifwKa35mEmMvTgkUCJEcEeTEnxGWeiHeSkb, 0x68e8ca19a25c1aee85d10ef31f6426d23b2fc84b9953aa2056029fade59450d6, 0.47607, balances, transfer
2023-04-11, 22:22:48, 17436544-2, 17436544, 0x8e762c4c2cfa6929e07186ce04ed9f1fcd96b34c781f2e28b7cb26f1ffb8da8d, CuoEPSvvHEMCrf6beAK9txzw9ndVgWgw1WT92zQpqAriZV3, 0x68e8ca19a25c1aee85d10ef31f6426d23b2fc84b9953aa2056029fade59450d6, 0.99947, balances, transfer
2023-04-11, 22:20:06, 17436517-3, 17436517, 0x3602778e3e6f3273507df8796997a6ea46f5d1ac02184ed53940339613462a1c, Cad1bh6hsDyj6qo2G6sTZhzhXXS6jQ6Dh6jEyxLCifsm8VP, 0x3ec2de749f71a51aeff8434006586064a4d2e768a8214ba748ee3321de63a96d, 44.99947, balances, transfer
2023-04-11, 22:16:30, 17436481-2, 17436481, 0xdc9602ce62226e015034c38238909a52ad44a91326afe7328b5c3014a24f7f9e, GqPD6sGquScu8vYSFC6gopupQFvEtsuSFJ5yxJonjoCeff5, 0xdd166a9b6cd599cfe5dc37b30a9541200460b58ecc5b0b01a8852d6d613983d3, 4.985, balances, transfer
2023-04-11, 22:15:24, 17436470-2, 17436470, 0xae15e1a66c62a0711d5c454908d2844b833f7401aabdaa51c174de6b9c7bd63f, DFnSoPui7umpyv6N5oU3i299fYHru1dQs4AW8FSRQwG1jCm, 0x4e6d5dcc916c3e66e26f720f3042e3b9f0aab417210077c005c05f5653249454, 0.33721, balances, transfer
2023-04-11, 22:11:36, 17436433-3, 17436433, 0xbe791fdb3bdd187906d9c2b7e6eb1ab1820850cd53867c49c8b6576ff6415c21, D6CWuEnpJHVKB8VEf3CmppJqBEqx3tRxhnGUH8mmWSkPbdG, 0x1e1937d00c5ab7806dd80380e48754a9c357809a2183afd83281ed1df4afe22a, 0.358, balances, transfer
2023-04-11, 22:05:30, 17436372-4, 17436372, 0xda4b91a8cc61c64c7315a0ad404aa833944a61d7fef711be7b01bd1e38a42ecd, HPEUSt1fetvjvwJ68YwqZzXUzZuY9S6cMb2uLsDJffwnPmZ, 0x0edaf4aeb7d9436b114e3fb28f8f2cf24b6fb366cdbe47a98c0232db9a7777f7, 1.0, balances, transfer
2023-04-11, 22:00:42, 17436324-7, 17436324, 0x85c26de766032ca86cb2cbb577b6134958b5a79ec48044f90280f615694a0b4d, CrWiDe8kkHM4y2xUXtE1m7euzWLKKrpNXTDHi9HkZHgX2va, 0x68e8ca19a25c1aee85d10ef31f6426d23b2fc84b9953aa2056029fade59450d6, 2.39947, balances, transfer
2023-04-11, 22:00:42, 17436324-6, 17436324, 0x8333d8bd883a722b7c1b755253e8a4376618e9852d21f9faf2b2f6b8ec64059b, FJFTgL81HnB5PcefVgbozXTRqB1vrnxxwHjs9KnsoRiJuwJ, 0x68e8ca19a25c1aee85d10ef31f6426d23b2fc84b9953aa2056029fade59450d6, 4.02942, balances, transfer
2023-04-11, 22:00:42, 17436324-5, 17436324, 0x9263207dee48540bd9bb47ad96fac076274b9d2d5fb9dbd5b4f1cf0023db36b6, GRnWwr5Xe5GGpDVivMx65NugrAgsePJb55k6ycnRQHNfvXv, 0x68e8ca19a25c1aee85d10ef31f6426d23b2fc84b9953aa2056029fade59450d6, 77.36947, balances, transfer
2023-04-11, 22:00:00, 17436317-9, 17436317, 0xb47667388482b08cbefc844d2a3166abffd5c3daf9d6bd3bd210cd2dbbc9cee5, E7ncQKp4xayUoUdpraxBjT7NzLoayLJA4TuPcKKboBkJ5GH, 0x2aaa5497ddea7e16416a7e7cd668565cf10f67763d0a9143dbbbc1104cb19817, 5.78576, balances, transfer
2023-04-11, 21:59:48, 17436315-7, 17436315, 0xa82be671e47924a4021c4e12d7f3898c4469d9d289263bd48032b4445c4661ff, FPvFC39iK5ENE9XXupskU8WM9v35oG2j7AacqATiq7wknGJ, 0xfa60a58da31d43e575cd52242d9d0abb14a67f4be5f9e595c2dd3e18f4f1186e, 239.127, balances, transfer
2023-04-11, 21:59:42, 17436314-6, 17436314, 0xc201a2b234993409ef26aab6af8d959e51c731617e332f08fe5cbb561604c2ba, GA1RFPwH5Nxhbz7dBnZp9SHgkSyw7yQi4e36yWo6reZEp5W, 0xc2e2bc004589db5bc95e82b952f06e1bbeb39995b0657c8b02e70bb03145335f, 1.78, balances, transfer
2023-04-11, 21:58:06, 17436298-10, 17436298, 0x471d86b5c4863a042c92d1abc3bfb2490193735173c8e91ccf7275c094473816, DzcNh7x1qpApmT4JiZ1KnWBtdNZ7J9J7cusnSmNYSJ2LZUF, 0x0272d89a750f999cbcd781874b13677422c5776353d183e519ff70db8d72fb65, 25.74, balances, transfer
2023-04-11, 21:55:12, 17436269-3, 17436269, 0x27d0e9382bf708fcbbe17a16e0ba811757032c4291728665f7938266a34e3aec, HqKVMeKy3XZRLn1ioBwKrtnhyoCkNiXF3TrccSirihjUJLu, 0x5ad8c41b439d7d31c178bd1e20a2221c7f01de601848c794da7d2ae9feaaa7d0, 1.999, balances, transfer
2023-04-11, 21:54:18, 17436260-13, 17436260, 0x03a6339536a2dd5fdde68710ef2bfb9f8d73218e12236771cbe8768bab6a6d8b, Ck2f4EZ6T8c3KMNoV2FU4yrYkxZq4LoU9pp5czce8YWykwq, 0x1ccc348193d152dfc6f74ff5afd2b34d86aa6365554bd277d0819756a808295b, 0.03646, balances, transfer
2023-04-11, 21:50:06, 17436218-3, 17436218, 0xbe8f4075b47eccd48a7d4a002d0b23309deb44af6284314fd4b258a941cfc6c6, EwsehEPVc2Jx8LXgYHDboccQvNxAg2BN1t3pY3B7iK28RBm, 0x10cadd5922c2c7d49b9ded6c8a1a16a6e82e6c1a08a662967ce4f8aee3e4723f, 1.75559, balances, transfer
2023-04-11, 21:46:42, 17436184-3, 17436184, 0xd0d82b691159ddab367aeb6134579ef5642380973a1c9fb5b549208f64c67683, E7ncQKp4xayUoUdpraxBjT7NzLoayLJA4TuPcKKboBkJ5GH, 0x0a7ddf52460667c3f7adff6e3940814273085004a1ea440514c031b04273840d, 4.47685, balances, transfer
2023-04-11, 21:43:42, 17436154-2, 17436154, 0x77ea8da39ac9ce29e32967d3e7512613a5c80f18e71399e0fbff04b3d7a37816, CtQ4HXhhd9BUbn5ud2N219NayWSFChEVzV6FY968TLH7Qkx, 0x68e8ca19a25c1aee85d10ef31f6426d23b2fc84b9953aa2056029fade59450d6, 1.02847, balances, transfer
2023-04-11, 21:40:06, 17436118-6, 17436118, 0xe54347be4db6dad0f634ebdaf902041bd052b29f6816cda0b9c3da9c9b7ac0ca, Cad1bh6hsDyj6qo2G6sTZhzhXXS6jQ6Dh6jEyxLCifsm8VP, 0x3ec2de749f71a51aeff8434006586064a4d2e768a8214ba748ee3321de63a96d, 0.99947, balances, transfer
2023-04-11, 21:39:06, 17436109-4, 17436109, 0x05bfedfcf50076f6344047246535327232381f647accf30863c7af835260eb4e, CspNJ5uJ9WcF6Nf6sJY9YRQL3dWZmKrMnmd2qY4BXMTGEgi, 0xa884db5ee8d0b31822343f420d2ec06297d23df622e7585deedb59471974f71b, 7.09403, balances, transfer
2023-04-11, 21:30:06, 17436019-2, 17436019, 0x8073ce1a63e7c913a92843960d4a5c71e3728deedc1a9030febceeaec8617aa5, DzcNh7x1qpApmT4JiZ1KnWBtdNZ7J9J7cusnSmNYSJ2LZUF, 0x1c4b90ffb9488b2ac42471121f2b3bd135ba2283c3b56e9f2f6c282f65976d42, 3.4193, balances, transfer
2023-04-11, 21:26:36, 17435984-2, 17435984, 0x36df9af2f35fd4a7a3019cebce44b781a577b6cc0aa84745eeb6460635c7f79d, E7ncQKp4xayUoUdpraxBjT7NzLoayLJA4TuPcKKboBkJ5GH, 0x0272d89a750f999cbcd781874b13677422c5776353d183e519ff70db8d72fb65, 45.18711, balances, transfer
2023-04-11, 21:25:30, 17435973-2, 17435973, 0x631798bfe5b4a720127a878652e1e4dd4b84503d6d523268e6a22f381c2ab1ec, GCDyFQbZFwjKq7AzjdkhoHrGaq2Edcrp85omoJNoaVNN4nr, 0x443c0ba8f048601bd709b475301f520071887f9f2818ee600e822a81d0911b64, 14.99946, balances, transfer
2023-04-11, 21:22:48, 17435946-2, 17435946, 0xe020b99d76bb21a524762cea22a2bfcb067440c5c46bee37c3497a129012e439, CuepnbusgXraBzGcCa6dnZDBhkquMXju5yvYqvhRyqjNLmw, 0x68e8ca19a25c1aee85d10ef31f6426d23b2fc84b9953aa2056029fade59450d6, 1.99947, balances, transfer
2023-04-11, 21:22:00, 17435938-3, 17435938, 0xbbcd7776abf588fdcff418d0c87f88b15917646faf5493c5344e62031883380a, HZLkpqX8YxQgcypYp58TzaCVFxfbEriCY7tXnpw1EQhQAMw, 0x443c0ba8f048601bd709b475301f520071887f9f2818ee600e822a81d0911b64, 2.59946, balances, transfer
2023-04-11, 21:22:00, 17435938-2, 17435938, 0x7f880811a65899c643501bec53678608549e7374977bea15370588481fc43cc0, DBA9USujdP5do4YnSPcSFZawc5od6yqzm5AnLTk7ZA3VRhB, 0x443c0ba8f048601bd709b475301f520071887f9f2818ee600e822a81d0911b64, 1.63613, balances, transfer
2023-04-11, 21:14:36, 17435864-2, 17435864, 0x517351efcdf72930a990ec39723da438dc9a2dc58df61053af50148902ff6a1e, J7Kjj3tA1QpwkJannNqS2RPU9DFaBbKuacVaMAJwpc4NY1c, 0x0ebea7d6033e77a5651f8ced85d090c90432bcfde90083f2770a956de71c47db, 2.0, balances, transfer
2023-04-11, 21:14:30, 17435863-2, 17435863, 0x8a8980243aae39ec0bc9fe0ecaabf3580c6211e0c96144d7a5bc731e9cb44d5f, F4kQekxNztTe639Mx5hmZPpywx8u4kiHJW8M2wMoeCsfzvZ, 0xaa6e9ceff5427a03d87db1f9a8af5a42e5b77d9d1540e64a429de3531032f526, 77.37, balances, transfer
2023-04-11, 21:12:48, 17435846-2, 17435846, 0x65730d97dbb26c740e3ff2b5c5016b04841bc2c57b6eec85ae098d12f43a168f, CthCC7k2dMunHwsukzxNmLnV6oTkTD7aVsrBnTeWJsrJGBq, 0x68e8ca19a25c1aee85d10ef31f6426d23b2fc84b9953aa2056029fade59450d6, 2.91947, balances, transfer
2023-04-11, 21:11:48, 17435836-2, 17435836, 0x26f1b46fe3ba97405a77345159daeac1084a11ffe2dae5d6361b418de21cb7de, DwqoDkDMwntwnM6GVZr77FXj5KLnbkibBpiNwQhSgdF2Ujj, 0x443c0ba8f048601bd709b475301f520071887f9f2818ee600e822a81d0911b64, 0.79589, balances, transfer
2023-04-11, 21:11:30, 17435833-2, 17435833, 0x14d8bedb67395ba50b817d1b9042b22a3d5dac85dab9671636fbc98bf98aebc4, EcgqMQ1bECP2jDsRoHxhtcWCfRWDpedhmcf4K6PhjJnwXs8, 0xb904d9bf99844aaa8d85c01a9c29e576802ea81b26cd3d97dee876e038347ab5, 1.0, balances, transfer
2023-04-11, 21:09:24, 17435812-2, 17435812, 0xf04988805a562c8fa3f137285f0c6ccbb719f6dc1372325e17774d9a4c33b411, E7ncQKp4xayUoUdpraxBjT7NzLoayLJA4TuPcKKboBkJ5GH, 0x5a7914363e7877052ae241c2b4cd9dae8f22697efbb60496ba57f7faec74de7c, 3.595, balances, transfer
2023-04-11, 21:07:24, 17435792-3, 17435792, 0xdcdc7acd2fa270422b6423b922bbc4b766256cd0161a154c21a1c9d16195696c, Ft5hSjQPNnNWhMVDyWDdsNqvHWxsZCRCk7a8xo43zDH21xL, 0x3ca65179050228ad68ac64bb834e5b472f94345efefcb014fb56c021bccd9a45, 0.79643, balances, transfer
2023-04-11, 21:06:30, 17435783-2, 17435783, 0xb636708dca4475c27b2514f12bd4020f25aae179fb26cab15b477a315fca98dc, DNErXDhT4GkGiVTdp5iqD66P2nvmJBQT5fS3d4fHZt4SNW1, 0xc00dc1439e7364f01d943507bbbe480ef82935c35c823f961886b110002e5acf, 21.0, balances, transfer
2023-04-11, 21:01:36, 17435734-6, 17435734, 0x9fbea668aafd1d199b4aba507c8f16faf24b659d988617bc22073f1254b9a22a, Hv6W6HkBuxXCoxt8Vf3vRXXqZj2ciyPBGZJWxap6uRZWzdn, 0x443c0ba8f048601bd709b475301f520071887f9f2818ee600e822a81d0911b64, 21.99946, balances, transfer
2023-04-11, 20:57:48, 17435696-7, 17435696, 0x5ee572e39768e5e28a1f2533fa7e699968189659ee00402bba3cb607826a9679, GUjRzDFqkdouV64dScRLadA45W4AX52pvmpWa2evPoFgngj, 0x443c0ba8f048601bd709b475301f520071887f9f2818ee600e822a81d0911b64, 1.63946, balances, transfer
2023-04-11, 20:56:06, 17435679-6, 17435679, 0x63cae1457593b3e812e9ab7de0d67e498ce8c34e5392da46bbbacf1a58d0353a, DzcNh7x1qpApmT4JiZ1KnWBtdNZ7J9J7cusnSmNYSJ2LZUF, 0x1c4b90ffb9488b2ac42471121f2b3bd135ba2283c3b56e9f2f6c282f65976d42, 11.97068, balances, transfer
2023-04-11, 20:55:18, 17435671-6, 17435671, 0x1eb6a7aa408875a67ffddd8f6441d34e13912f54cea1839547b67dc9631493a4, E7ncQKp4xayUoUdpraxBjT7NzLoayLJA4TuPcKKboBkJ5GH, 0x0edc7bd7dc318221672bc2dab61266480e8c89d98215033570a980a198eeb926, 19.99, balances, transfer
2023-04-11, 20:53:36, 17435654-5, 17435654, 0xbb50ff7d8024c8855ae5c4456f28a308d4cca9cc55c39c8be12a587d904ef812, Cu1yz9P5PmzeNfnSuuaoUtW1CARLqXhjte53GDCxcr35P8f, 0x68e8ca19a25c1aee85d10ef31f6426d23b2fc84b9953aa2056029fade59450d6, 4.03978, balances, transfer
2023-04-11, 20:48:24, 17435602-2, 17435602, 0xdf14ae82442f7764a5410ed7cca07f85c9ed9917707c1eeb14863ee3f295418d, HtSYuJXWagbF4gvpg5ogxGEXjAvc1kLB6kzi2wJZVQKNmfS, 0x4e6d5dcc916c3e66e26f720f3042e3b9f0aab417210077c005c05f5653249454, 1.13642, balances, transfer
2023-04-11, 20:48:06, 17435599-2, 17435599, 0xf6d2c0cae96bb62c4e94032607c5ac5214b74d9eee4f86fd5d43d428c8aecc89, EwsehEPVc2Jx8LXgYHDboccQvNxAg2BN1t3pY3B7iK28RBm, 0x0cf2e63d546105410c0786d6117194ebd14ec35aa220d71b007fb0d869008d0b, 53.99, balances, transfer
2023-04-11, 20:45:24, 17435572-5, 17435572, 0xc464d9afa34483e612b69070ecc8d3f5e8a573312f2b93989da995ff12f7f220, E7ncQKp4xayUoUdpraxBjT7NzLoayLJA4TuPcKKboBkJ5GH, 0x5a7914363e7877052ae241c2b4cd9dae8f22697efbb60496ba57f7faec74de7c, 3.6, balances, transfer
2023-04-11, 20:44:30, 17435563-3, 17435563, 0xfbcd4b01571ec2805a4c931f01765b66af01276e3c2335cfae2354960e5e16e0, FFVqsfAa2rgDdKTVhR6NhmV4e4kyd5fvHEbjAQC9CuuB1Ak, 0xeaff428b61830aafb7373293efe9b6ea368c17cb8245bdb5aa7fae476364191d, 1.15721, balances, transfer
2023-04-11, 20:42:54, 17435547-6, 17435547, 0x068f8aac8d33f3427451fd43fb0d4193dcef19b0b3c6754d4958b1994b1c01a6, F2638r4V61nEXpVeC6CHTMuXENw27cjQBQmWJ5LnXcwHPwR, 0x0c599b970ad757183331d4503b26390f3b9e2f82ff86688937e4afa3a91a7d76, 2.4, balances, transfer
2023-04-11, 20:38:00, 17435498-3, 17435498, 0x88095ddf5bb3fc70c761b21ba11f9c6a02d463ea5e1736947dc3a0bf367e6cc8, GhuhzKLEikWiCDq5hqUsdYat94MSvy4RpU8MtaHkgq2Lu5D, 0x6e2720ceafcac2736c57ef7857401be4c54d438a8dc4b66728fa7bfd4e432f0a, 37.31947, balances, transfer
2023-04-11, 20:35:06, 17435469-3, 17435469, 0x3d14b080e9ac5f7d396c3d99fa3f7c2f72d916fa92b03870430fd38c69388c49, GhuhzKLEikWiCDq5hqUsdYat94MSvy4RpU8MtaHkgq2Lu5D, 0x6e2720ceafcac2736c57ef7857401be4c54d438a8dc4b66728fa7bfd4e432f0a, 31.81947, balances, transfer
2023-04-11, 20:35:06, 17435469-2, 17435469, 0xd230942351ace21b09bf8b56f5c65419a1b41f9f40e98f4a22bef8dba42eda2e, E7ncQKp4xayUoUdpraxBjT7NzLoayLJA4TuPcKKboBkJ5GH, 0xb6babe9881f71a34af44df4c11371af1ee4143928e7c78afca368a8c1a76873f, 37.32, balances, transfer
2023-04-11, 20:32:06, 17435439-3, 17435439, 0xa587c067e903524158bac811f83d381ec4d29be5ac7d468ff2a4c936e148c9f9, EwsehEPVc2Jx8LXgYHDboccQvNxAg2BN1t3pY3B7iK28RBm, 0xb6babe9881f71a34af44df4c11371af1ee4143928e7c78afca368a8c1a76873f, 31.82, balances, transfer
2023-04-11, 20:18:30, 17435303-2, 17435303, 0x4bb50f30ae0c29e6d81358a5b95fdb12ee5d159280f8c38c0fe3229409d87f39, DUgHCXsQpzsVLjJr5aqu2WLrp6HYDVqE9aamPXxWM7P68eF, 0x865e5c19fd698a0cf06b592eb40848f596951491ea35ac275ff25184a350a52f, 0.23, balances, transfer
2023-04-11, 20:15:54, 17435277-2, 17435277, 0x4ed970e755a9ff3432bfe8d0e2041549092118533f423fc9a7f6edc2658cf466, EcgqMQ1bECP2jDsRoHxhtcWCfRWDpedhmcf4K6PhjJnwXs8, 0xb904d9bf99844aaa8d85c01a9c29e576802ea81b26cd3d97dee876e038347ab5, 1.0, balances, transfer
2023-04-11, 20:04:00, 17435158-3, 17435158, 0x6c0afafca8e9b713946846d9dfec4cfa18c6a9fefbe6cfae928b7de6b26e5177, D5HUVHjFYDtWzHaKxqW9NDbjkmVqDxbTUn1tqMZuzBfNLoT, 0x443c0ba8f048601bd709b475301f520071887f9f2818ee600e822a81d0911b64, 25.95946, balances, transfer
2023-04-11, 20:02:12, 17435140-3, 17435140, 0x8d64c408abb802825dc54f84815760b82fcfa33130d5d29a038f62733a19387e, F4kQekxNztTe639Mx5hmZPpywx8u4kiHJW8M2wMoeCsfzvZ, 0x16173d3e5de840470d9d379f2ea53cbce0a35d19aa23402ef997732947a4f57e, 25.96, balances, transfer
