2023-04-12, 07:45:12, 17442130-4, 17442130, 0x1daac9df299f3cb41204e31d2a98c66c1d5fd0dbd2eaef65561e6035466dd5cb, Hfph1btW42E3honqBfkk3VPPAJ3dKPKZvzkCeHzQndXcQwJ, 0x9c786090e2598ae884ff9d1f01d6a1a9baf13a9e61f73633a8928f4d80bf7dfe, 69.9849, balances, transfer_keep_alive
2023-04-12, 07:44:18, 17442121-5, 17442121, 0x1fbe0e6b445b16c617a669b414dc7998b83fc4a41c0efd67311e6c0880a25ca2, F2kvZWwuDS4P12zBhJgiGdBhhVHWRCcPTCQ5rvKPN6Gi2y8, 0xe15f9951d8dd9173deeb00605dcce1ecf28b01595fb970f30bfde7afa0a83bd5, 70.0, balances, transfer_keep_alive
2023-04-12, 07:39:24, 17442072-3, 17442072, 0xa44e750cd1fc4ba6128c6449ed12ff346d835446b64658817ecdf26e1d6db542, Dnn4xiYdgz3bdRWQaUsvX5noNpcUwmqomKgHg8xzZL1vzfq, 0x0ebb422c462c7a1a064e8c7f45b545655bd5724202be8c5a60865ab1b196118b, 1.86592, balances, transfer_keep_alive
2023-04-12, 07:35:30, 17442033-5, 17442033, 0x27dc14edae83a91c1940388d33bdc9e39b43b3fc60277b6d9f1d18e845825702, Dcesj4UD1SRY7ZQLNC5RT4PbfySyotR6qqxw8akjpTbDL6t, 0xce264cdfb8d3092a976df3b3bb45b0f969ffbddf35d5dde9f078a62b22697e04, 13.30947, balances, transfer_keep_alive
2023-04-12, 07:19:54, 17441879-2, 17441879, 0x6f5b55963c7f0ab04e8ca04e12c90ceab8a7729d748cf5b52f6d48291d544413, GM8aFRuYaU7evqgyjwtjRjTDU2Ta3iyxTYkKfPn1Hf3JuZ7, 0x03289a06f922547d8b87b8986047b2fcf6b06a9b4c719c790d964e5babe4b49a, 0.26, balances, transfer_keep_alive
2023-04-12, 07:06:24, 17441744-2, 17441744, 0xb7d20c2f1d283987e28d3bb0f4b20616df4eafdb1d6987ec50294c8663797ebb, Hpd8zi8BgzwSePpU5Hs7bQn5MZfnxwi6WnUEE6b8H2kaNrr, 0x6a660236b396d87a9dc86becfe4e3cdc679837fc86ced1203e0c8a7094740757, 70.0, balances, transfer_keep_alive
2023-04-12, 06:47:48, 17441560-4, 17441560, 0xa9ccd91d16380719e0b8061c4e09876c30227e647d7226c4f3520b0b3e4a377d, G7UkJAutjbQyZGRiP8z5bBSBPBJ66JbTKAkFDq3cANwENyX, 0x84b4d11abce8e5a9240fdbf2ac8d6fc9bd7eb574482366336c91c011a5de622e, 27.00242, balances, transfer_keep_alive
2023-04-12, 06:37:00, 17441454-2, 17441454, 0x49110bea2803c2283fdbfb17ab9a43baeed0a802a65e36bf1d7bce26f2d2b8c8, GAEc5zyC41qXDdEVNT2nfCURHp1gT3Ds2STS1vDGSVs5Q5p, 0x2e03e34468b88944adca24411ebed4494607472d6511101ec48ba903afc56439, 13.31, balances, transfer_keep_alive
2023-04-12, 06:36:12, 17441446-4, 17441446, 0xb8de05c7b3718d947fd9390e357dcba6617eac26945ef0002c1154ea307ec8c7, HLGL5rowxYLfG1ja1E9uXmjQZqVYMqasLCxWabZinvrXbge, 0xce957f08db8113b46f17139b773c8fe8c41dd8fd80ba578ae3e42c13980d5c27, 8.5, balances, transfer_keep_alive
2023-04-12, 06:15:00, 17441238-2, 17441238, 0xa2385bcc3cd76bd3683d31f5891182b0eecb2f08797bd4d7fe4e7160fd37bd7a, EvoLanodoqDsgHb98Ymbu41uXXKfCPDKxeM6dXHyJ2JoVus, 0x463057288adf3bf6b74b7d2cb8c64aa77bbba993e413f431e20113f3ab5e4406, 0.1, balances, transfer_keep_alive
2023-04-12, 05:45:12, 17440944-6, 17440944, 0x899b9f49e3aee364cd345443d6546c9f5a4e8f8af4f145ef030881a8c5a3431e, EF9PRxFV3Y2jLvmxKf23bSWGmU3fcnmMRAeX2oMsfp3upqq, 0x9c786090e2598ae884ff9d1f01d6a1a9baf13a9e61f73633a8928f4d80bf7dfe, 150.0849, balances, transfer_keep_alive
2023-04-12, 05:30:30, 17440798-2, 17440798, 0x91b5407d48ba1d054e05d5808f1f1b0ed3b82bbff70634c7368c4c40435514c8, H1vnQaGcRHbjK8VNkKJpciSvHqA1fnxJfN6Wct3Ty7VYt4a, 0xa0d5b86300e6ba74b8fdcf44b1eaa4384e2585832a4001e35e5b3a06b4ea5e02, 5.0, balances, transfer_keep_alive
2023-04-12, 05:23:54, 17440732-2, 17440732, 0x4f336ed9757b63c4e949ab7be2abc94386b0450185dd446ce1c45456b38d489c, HCu5eXJvBAdXjhbvc1PdRUNvk8P39UNsdoUX3RkLEP1P9Zh, 0xccd6c0837df9e1770fba2bc89e027432ba5dd754c9b79e628e0402ec7401e41e, 1.99587, balances, transfer_keep_alive
2023-04-12, 05:21:54, 17440712-2, 17440712, 0x9d2117e35517bae6a7d83c20c126bf302ef032b604c3fb5cc65867b751915a59, HCu5eXJvBAdXjhbvc1PdRUNvk8P39UNsdoUX3RkLEP1P9Zh, 0xccd6c0837df9e1770fba2bc89e027432ba5dd754c9b79e628e0402ec7401e41e, 1.9964, balances, transfer_keep_alive
2023-04-12, 05:15:00, 17440643-2, 17440643, 0x975ee0e1ad711d8d346009bdbe80f4af895c20afe3210dcf0ff59a1cb9debcfd, HmFYPT1btmi1T9qqs5WtuNJK93yNdnjjhReZh6emgNQvCHa, 0x20a50e3a94c2bb68071e5a3693802bfd1b9dc8623442d80fea41c3029542db1f, 121.17, balances, transfer_keep_alive
2023-04-12, 05:14:18, 17440636-2, 17440636, 0xfe4b6a6d90e053ff1a953694e6ff4f48927116ce18f0b9e9e23c3e734a6eab09, HCu5eXJvBAdXjhbvc1PdRUNvk8P39UNsdoUX3RkLEP1P9Zh, 0xccd6c0837df9e1770fba2bc89e027432ba5dd754c9b79e628e0402ec7401e41e, 1.99692, balances, transfer_keep_alive
2023-04-12, 05:11:36, 17440609-2, 17440609, 0x9545961faa0e2f1ddae6073a3283383205e620a244c00c6acd0bca192e8c85a0, J1SgfQV2H26JHsAawbjGGS6Np28edARQBSktCuWuXbn8atZ, 0x7fc30ec8e5686a7e9fde024349514efa972254e9c8c0991f221058d5131d9239, 1.2, balances, transfer_keep_alive
2023-04-12, 04:51:54, 17440412-6, 17440412, 0x68afb2e5f196e7232066f05ccb959da91d1c243f418506e27d39debf49387ff3, HXAi8NoJHQUU1FQUJrHYGtAECN1upNKgPPnJMj7er1eFRK8, 0x66f193bc93e18f77ec6e9b26ab283adb6b5e58cc43c6cb81a22264525bfcda57, 20.0, balances, transfer_keep_alive
2023-04-12, 04:51:12, 17440406-3, 17440406, 0x2198f300378050b7a8996d96b52cd3bb6192af94717e323bf5a03ebb1179453e, FSnMhMisGEBWWidBxBW9MJnQRCcnqggN9fQP48e6LqcFEV8, 0xdac5c7f54060315d58706b0956b5ba06ee5418f9c6ef558a7d95446c29d0e73c, 4.5, balances, transfer_keep_alive
2023-04-12, 04:44:24, 17440339-4, 17440339, 0x97d4414d9e99a6e5ad8cf4da2f993019a8ec4553fc17cb302f33f260b2190949, EMtkg4Mx64HRsxFKAbr6Fbzq46ARcZqYGL8p8SopQGGC7wZ, 0x0cdeeac988397a1b2f057db054d964eeb4dc6e394c69522814c02f5fb76fd19f, 7.0, balances, transfer_keep_alive
2023-04-12, 04:16:18, 17440059-2, 17440059, 0x7f6802bdab1dd0740ce0ca3c9a3a443b9ce0001d345a0f5e89e76ed8b632b32b, G7UkJAutjbQyZGRiP8z5bBSBPBJ66JbTKAkFDq3cANwENyX, 0xabff7778de054c8715a27043a8524dff2d9a204b3e6d6b0c2947bdd222d94aab, 0.99919, balances, transfer_keep_alive
2023-04-12, 04:14:24, 17440040-2, 17440040, 0x6238dcb89459566be709cfa9ea2d8976a87e7b8f63d821d4c40a275aaf5d0f5c, DrjaUvwbJtvXi3fttQcDRXRwKkHcguYekmsFppieQXqeYY2, 0x0ecc0b07922d1ba51c0bcee43894a5f75fb7fd0b48f866ed5df9a55b86e049d3, 9.14232, balances, transfer_keep_alive
2023-04-12, 04:12:36, 17440022-2, 17440022, 0xdfcd454ae9868a1a0b64a418de78158450563f7947b6ee21e79158a2f88810de, Dnn4xiYdgz3bdRWQaUsvX5noNpcUwmqomKgHg8xzZL1vzfq, 0x422cc68c813eea76ced1e5d89dbf6a1f8672fea10465f5db914499fa3b1975f9, 213.16341, balances, transfer_keep_alive
2023-04-12, 04:12:06, 17440017-2, 17440017, 0xef09cb574f795986b6b7e37ce58ce93e642f78bee4f5200bf75965734611bb70, GD2M7y76tNGJJPP5Ht8es7JpubVCKqTUCowWjVbZuQMAp5S, 0x0af9194e58dafc2b3a2e4de4838d5486bb0a8a7e43611143d881020bc1bba103, 40.0, balances, transfer_keep_alive
2023-04-12, 04:10:42, 17440003-2, 17440003, 0x6cb4e77be5e373c42c25808cddfbf08a8b53db964c5f1f363b4c3194b3af0a4b, DrjaUvwbJtvXi3fttQcDRXRwKkHcguYekmsFppieQXqeYY2, 0x0ecc0b07922d1ba51c0bcee43894a5f75fb7fd0b48f866ed5df9a55b86e049d3, 1.0, balances, transfer_keep_alive
2023-04-12, 04:10:12, 17439998-3, 17439998, 0xb38b07c6aeb6eeea694e83b73f8ed61458eca457e5c6d664b093050d3e7e7202, EvgUtnyDwRfFXNY5a92rZUo5q7meh3gCZQHY8inELjvRFia, 0x9c786090e2598ae884ff9d1f01d6a1a9baf13a9e61f73633a8928f4d80bf7dfe, 198.89147, balances, transfer_keep_alive
2023-04-12, 03:56:54, 17439865-13, 17439865, 0x50512410c7272acc51fb247881c68e17f1a229aa06463c31b0f605ec01cc0334, H4cvoBSunFf9XPpFcHBEmrGcoEDzzHmurzrkDQchnTtyvY6, 0xa81fb3d32fadca2b17ba85af56f519ae48d4a0f553ceb6c89a5fe65d2bb48e23, 19.0, balances, transfer_keep_alive
2023-04-12, 03:56:30, 17439861-11, 17439861, 0x66525b15cb304b252f43d592b6431d067653a1879c0d3d05666a2508928e6208, GD2M7y76tNGJJPP5Ht8es7JpubVCKqTUCowWjVbZuQMAp5S, 0x0af9194e58dafc2b3a2e4de4838d5486bb0a8a7e43611143d881020bc1bba103, 1.0, balances, transfer_keep_alive
2023-04-12, 03:55:00, 17439846-8, 17439846, 0x045628ddc4361b2d186db6cc8f4bb2618a375c1e5b985169722a72655353126f, GM8aFRuYaU7evqgyjwtjRjTDU2Ta3iyxTYkKfPn1Hf3JuZ7, 0xa6e1e75ae00c6d30892a0ee3093d48cb92feac353fa223324826ecf72dbe1343, 0.27587, balances, transfer_keep_alive
2023-04-12, 03:50:18, 17439799-5, 17439799, 0x414f9022d525e1850ab5b0beef6c4d869d0a203c9676a0734934b74fcab332f4, GM8aFRuYaU7evqgyjwtjRjTDU2Ta3iyxTYkKfPn1Hf3JuZ7, 0xa6e1e75ae00c6d30892a0ee3093d48cb92feac353fa223324826ecf72dbe1343, 0.2764, balances, transfer_keep_alive
2023-04-12, 03:43:06, 17439728-5, 17439728, 0x8876f6538e058a918ef522437d928af72c6c5f94db878cd32a180eeef94979b0, D14i6B9bcrjWFnpA5hWv3NyNDHSUPVNYtroWWC3JyWqpaJR, 0x60265e3749ba8b5d4248eaf9d0d5ae9f3f1ab7aba093f150e6b9c35a01361d1a, 3.74, balances, transfer_keep_alive
2023-04-12, 03:40:48, 17439705-4, 17439705, 0x790520035cc8dad7ac005853110df919d6fa526790a6792a1c718b4dc1731282, EctdZvgkphLJMQmKntaPP74LKpGvDKaj1cbqC8fUT4HzqiC, 0x09b6888a2f26e713fa43142ac538daf4c67f95e842cc60adb5d14b9af4bc7a9a, 1.0, balances, transfer_keep_alive
2023-04-12, 03:34:24, 17439642-5, 17439642, 0xf88bdc10ce52c2917af9a1f7d39036f2b0b70e1f0d5978e03d410625eeb61e0b, FoXungwCxMcezShqSkN9PX2ayXYow2DaqFL96GKW27s3iNi, 0xacadf667910016df8e8106e8fd65f82aab71c2bd8f00fde9dcc0605c2ca6b618, 4.35, balances, transfer_keep_alive
2023-04-12, 03:22:30, 17439524-2, 17439524, 0xa48c3488cdb396b869f43d30139a5f1f658d10f0498f696dc96402fa77c2cccf, CrsozcK33iELYFkeS2f9Xk26KYtrVCQXacnj5UJ7ZBXV1LQ, 0xb692ea56b68d8a3a1279554ba84e40f3f932353b062e371dfa96d36c440b517e, 2.0247, balances, transfer_keep_alive
2023-04-12, 03:21:42, 17439516-2, 17439516, 0x4551f93bfde2af34b539aae23996bc8be7a641d7843f03fae13c7d6f035754ea, D2r9AudNkHHpKfGtS5rpVHkchBoBhRsR6TmNcTuU4yiTp6w, 0x0ca0a2a13a8c7e4172f5d5f4e563ec8236f52af7c063529bb323e0592a2a1b2e, 0.0276, balances, transfer_keep_alive
2023-04-12, 03:19:48, 17439497-2, 17439497, 0x35e906c03fcec752668b49f045eb7c55ae5c333ed383554596798bb1178b6aee, Cgp9bcq1dGP1Z9B6F2ccTSTHNez9jq2iUX993ZbDVByPSU2, 0x1e156f4802a176ae5f6e3dbd7b0ab9f98de7e68f512be7051481bd90d56aad7a, 500.0, balances, transfer_keep_alive
2023-04-12, 03:11:54, 17439418-2, 17439418, 0xba34c77a3bfbd0bc5ad1729d34090725d841a4fad5c176561448b13feced5b40, GMu4FmM9DhHj86G18EVVqd7oueXnqqvF5okREkvMv45xCqK, 0x3e8a09fb9345f153d07b37efcd60d0ea13a45de90e7a06d0826c15fa840df203, 214.00534, balances, transfer_keep_alive
2023-04-12, 03:08:30, 17439384-2, 17439384, 0xa1e96ea715dca62236e187f5061d20feaf8293f26577c842296d16e162e4e89e, DZhszwn3V9JGxP8dfyYNYjtQF6HmKfC7qfaUu2s6kRVbH8Y, 0x0926a3f2a26127c325b788f4cd455aee5a4505e8ea17bb22a05389b0f6f01092, 39.4, balances, transfer_keep_alive
2023-04-12, 03:07:30, 17439374-2, 17439374, 0x0ac18f7b3639de9a7b7cf8346827cbc31cf79a96a87b2d487c96764591966bc4, FoXungwCxMcezShqSkN9PX2ayXYow2DaqFL96GKW27s3iNi, 0xacadf667910016df8e8106e8fd65f82aab71c2bd8f00fde9dcc0605c2ca6b618, 9.85, balances, transfer_keep_alive
2023-04-12, 03:06:00, 17439359-2, 17439359, 0xa771edba6b8b2db03877cfd9a6c5253f0063e0ea96a504b99829bd40dde0bfb4, Dnn4xiYdgz3bdRWQaUsvX5noNpcUwmqomKgHg8xzZL1vzfq, 0x8c51b1eb03a99f8ae399dee91f5bf341009e0aab5f19d22e40ef0d9ba7d4f93b, 4.1876, balances, transfer_keep_alive
2023-04-12, 03:04:36, 17439345-2, 17439345, 0x221a4c3704a8596129d8a77a57cffdca202b2d44dae5054c8a7abcff51ae043b, Go1o1bh8y8k2k3Ua3LCpiKXTW52VLCUSiCFZZ6ncMiBMjfz, 0xaeef5508bfcfac75cffbac5ff0c44792b843e7b0325811e9e7376a92e6469230, 0.77, balances, transfer_keep_alive
2023-04-12, 03:04:18, 17439342-3, 17439342, 0x7441ee4b25c88fbabb23f45721c6613aa013470ac49ccae8e0e7b693ddea0f4a, J4kHCCuB1ZyCm1fL53YoTzHtRGUW9fzqtaEU11gDyKCLn43, 0xc45317a16d79bce85a8e903138c12fed1a34a636ed6dbcef0f7dad2f167c4658, 2.5, balances, transfer_keep_alive
2023-04-12, 03:00:48, 17439307-4, 17439307, 0x5e93bb9e7d0e6e029da02061467f49c81a8ba01ad34402c646f6bad0ddeed03b, HbY7TZ9hs7wgxi37MYT8rdwsgGhaMox5PJB7TLmuy2oyYGM, 0xd6171b901eebc6ce50acdaea0a84d2c497134794001affd50222c61dc41b5933, 0.5, balances, transfer_keep_alive
2023-04-12, 02:59:12, 17439291-5, 17439291, 0xe636e608e56a96e05d1305590952ca39baa59708b054b9390683ba8849643440, EBbSPUUoVC1g77FQLW4MkUrmrpsmM2R7AqX6RRLoumMXbRC, 0x909f4d84481e5466f7af1143a7193f40bd8c0606d75eb089666c29ca0347606a, 0.05, balances, transfer_keep_alive
2023-04-12, 02:57:06, 17439270-7, 17439270, 0xc1ac83eb11371fd897132552cf20f07843219527a1e2653fd895c5503caa96d3, EaCNjunMHRRPZfzGCX66dbZcwrZsRZBBVu4YzBU58t1TwwG, 0xac50332336b17745f24e0823a5e230375ad047a7e6537d82d2e3affb2bb1035f, 3.7, balances, transfer_keep_alive
2023-04-12, 02:50:36, 17439205-4, 17439205, 0x69b6af756cd01cda455bd58969bea2e499d9e816b78a1cd9f920bc7c43543116, GCMGu8sjEuEZuMZavo5PLvAhr8fJXAty76jDV1YPquG9erp, 0xf836649df542b24a1b63d80916ee743d4734640aa796648649685dbdd430c362, 3.0, balances, transfer_keep_alive
2023-04-12, 02:49:42, 17439196-8, 17439196, 0x7a8cb19d9630eee1741c7884b528261eae9b4dc1e5452db9b4d6bd410da72649, J4n3spBzN32pnhXxXqPZbS2nbwEUVdtWWVyiDpC6VBqG1ic, 0x86dcfce5c0f8cf0e282f35e3253f3b926236cc3ab2ca2443dcefefab6772fd00, 1.28, balances, transfer_keep_alive
2023-04-12, 02:40:30, 17439104-3, 17439104, 0x7ac56222e772dd23baa8a1263b08b69db130e56fc29cdaf3663081439c45e72b, HZXF1YirTM2MrBZVo8tJfeEEvUAH43aKHLhzQqLSeD5H6Br, 0x4e4de96df0fde410d11f8ac6453c3e7af427cfeaf23061d3182f37f40cb0147e, 1.1, balances, transfer_keep_alive
2023-04-12, 02:35:24, 17439053-4, 17439053, 0x7e61b9738a19f0c3b07b2f9241f65a1a4688b950a29967565ae53265495a7af0, HeXUiADxW9SSJ2VRnYPtiRCXXYfhwpoU29iNzmVrzKCfx7u, 0x45276fb671d5e24c15c73f6766680b83e94bd709644fec1d5829f1126ef1fc2a, 10.0, balances, transfer_keep_alive
2023-04-12, 02:34:54, 17439049-5, 17439049, 0x6c98edc9d65cbe35a64a47612a8ccaf8ab4acad446abc2e70f3941f71c0cac11, GsfDpo1z69UqbupY1tsqi5CNZyy5vN8W96Lqf6kLKT6pRtu, 0xe062699794e584f46640205631a5c6c459174d8ddafda594bfc4c00af73815d5, 10.0, balances, transfer_keep_alive
2023-04-12, 02:34:00, 17439040-2, 17439040, 0x7c75a9aefdff827e9ee5622aef59cd81d917780105ebc1c82d4833f7341da53a, FrDk72s4RUvt2nzUfQCiAzMsGa5E7eiU7Qk7E1mqLsiYHfK, 0x0008bf6dea8121f22638fda5b41bfba02972b30c753b4eef4e01b6d307c0f06b, 50.0, balances, transfer_keep_alive
2023-04-12, 02:25:36, 17438956-2, 17438956, 0x5962f8c691ee0188f9c9448ec1114076f9b348f76ded90171912ebf7d3b81137, CzAdFxUSFfeu9ZSxmiw9SgCE82GWXyK5ScVjc1ZkkNKqjru, 0xdc9163ea2d0bf58ceaf597668ac362d5723f061642ef6dbd498e5088f11b2225, 0.15, balances, transfer_keep_alive
2023-04-12, 02:25:30, 17438955-2, 17438955, 0xb37fbfa3408915bd799c1eec584f45bf8056e72dc8fed2f0ff134e67e42b115b, CzAdFxUSFfeu9ZSxmiw9SgCE82GWXyK5ScVjc1ZkkNKqjru, 0xdc9163ea2d0bf58ceaf597668ac362d5723f061642ef6dbd498e5088f11b2225, 0.3, balances, transfer_keep_alive
2023-04-12, 02:25:24, 17438954-2, 17438954, 0xaa2beee7b488a20c5d3c470e0149091cbc9d71da6d88e7142bb724f52b6f5c85, CzAdFxUSFfeu9ZSxmiw9SgCE82GWXyK5ScVjc1ZkkNKqjru, 0xdc9163ea2d0bf58ceaf597668ac362d5723f061642ef6dbd498e5088f11b2225, 0.6, balances, transfer_keep_alive
2023-04-12, 02:25:18, 17438953-2, 17438953, 0x09839546804eac77d79b2020decf0b7f9cc79cf3692c2b7a3594aa5968bece06, CzAdFxUSFfeu9ZSxmiw9SgCE82GWXyK5ScVjc1ZkkNKqjru, 0x520a3702aa3aa707c35f3a997319a5c4437cf06bd19fd95f65f889465435a618, 0.3, balances, transfer_keep_alive
2023-04-12, 02:25:12, 17438952-2, 17438952, 0xc0ee44bb395a6c0d6b81bfc467c046eb17cb53f0e0afdb20011fc13483c217e0, CzAdFxUSFfeu9ZSxmiw9SgCE82GWXyK5ScVjc1ZkkNKqjru, 0x3a94d7f01d2e2a30b20bf318bbd88a3e8897769a26eacbbbb3383e3cbaab1321, 0.6, balances, transfer_keep_alive
2023-04-12, 02:25:06, 17438951-2, 17438951, 0xe21f2f541e7998740708cf5521f94c7d1f028444a1e1f6e012b15976f30c86c0, CzAdFxUSFfeu9ZSxmiw9SgCE82GWXyK5ScVjc1ZkkNKqjru, 0xc440f72095e9f487c6d6c84a0c4d33d9e1a9510bceafa6165c01058c94c6522b, 0.09, balances, transfer_keep_alive
2023-04-12, 02:25:00, 17438950-2, 17438950, 0x95c94cc1bb01d63e1351864c1fd897de57d33ac21cd09ed2639796f4d7f4d955, CzAdFxUSFfeu9ZSxmiw9SgCE82GWXyK5ScVjc1ZkkNKqjru, 0xc440f72095e9f487c6d6c84a0c4d33d9e1a9510bceafa6165c01058c94c6522b, 0.15, balances, transfer_keep_alive
2023-04-12, 02:24:54, 17438949-2, 17438949, 0xa1be83212ddda627c2f23e984e35e8e8a6c2da3070632ec797d3121843fad026, CzAdFxUSFfeu9ZSxmiw9SgCE82GWXyK5ScVjc1ZkkNKqjru, 0xda3d39c14e4ae89719d353989149674e8bd0d58181a617f0d562c8081e71916c, 0.6, balances, transfer_keep_alive
2023-04-12, 02:24:48, 17438948-2, 17438948, 0xd2c9032d8f6f00aaf66a54d9741e73670f653b6cd63331cf22108f6fd1305711, CzAdFxUSFfeu9ZSxmiw9SgCE82GWXyK5ScVjc1ZkkNKqjru, 0x309409e68f563d9e9160bc30f7418cbe5735e3e2dc9922db1826807029b8ba5e, 1.8, balances, transfer_keep_alive
2023-04-12, 02:24:42, 17438947-2, 17438947, 0x46f0cdfdeb2568147b9264c03652217f771a46fa99451b8bbcadf730809dd3d3, CzAdFxUSFfeu9ZSxmiw9SgCE82GWXyK5ScVjc1ZkkNKqjru, 0x62c6a3fc7a98e9c002e902f17b8132c8bf1dd0f7b87124389babc69adbee661e, 1.2, balances, transfer_keep_alive
2023-04-12, 02:24:36, 17438946-2, 17438946, 0xb20d23a791c43c75c268a01131526ede75e5901ece83ccaf8f4fcb569dbcc11f, CzAdFxUSFfeu9ZSxmiw9SgCE82GWXyK5ScVjc1ZkkNKqjru, 0x62c6a3fc7a98e9c002e902f17b8132c8bf1dd0f7b87124389babc69adbee661e, 0.3, balances, transfer_keep_alive
2023-04-12, 02:24:30, 17438945-2, 17438945, 0x9ec4a6a36f41c3eada72372d9ee9a850b77ba06bb4e7c2e927b02d7ad9421b9d, CzAdFxUSFfeu9ZSxmiw9SgCE82GWXyK5ScVjc1ZkkNKqjru, 0x62c6a3fc7a98e9c002e902f17b8132c8bf1dd0f7b87124389babc69adbee661e, 1.8, balances, transfer_keep_alive
2023-04-12, 02:24:24, 17438944-2, 17438944, 0x54c4402af4d8dbcc79abeb9ce421f40cc54f361d91de274b16c3adf0abbe56e7, CzAdFxUSFfeu9ZSxmiw9SgCE82GWXyK5ScVjc1ZkkNKqjru, 0x520a3702aa3aa707c35f3a997319a5c4437cf06bd19fd95f65f889465435a618, 1.8, balances, transfer_keep_alive
2023-04-12, 02:24:18, 17438943-2, 17438943, 0x9a5715822528a3c6d779507367caaf35c8a54fb23335361d755a4994d3d93083, CzAdFxUSFfeu9ZSxmiw9SgCE82GWXyK5ScVjc1ZkkNKqjru, 0x309409e68f563d9e9160bc30f7418cbe5735e3e2dc9922db1826807029b8ba5e, 0.3, balances, transfer_keep_alive
2023-04-12, 02:24:12, 17438942-2, 17438942, 0xc8bae3bbdb72c6999723b64eda53582cff675d1b9a9cfc226fc218b68b62f07c, CzAdFxUSFfeu9ZSxmiw9SgCE82GWXyK5ScVjc1ZkkNKqjru, 0x309409e68f563d9e9160bc30f7418cbe5735e3e2dc9922db1826807029b8ba5e, 1.8, balances, transfer_keep_alive
2023-04-12, 02:24:06, 17438941-2, 17438941, 0x197eaf5fd790084c31e4e07b45d3e3c6464419aeef33ca396b7faec62472691b, CzAdFxUSFfeu9ZSxmiw9SgCE82GWXyK5ScVjc1ZkkNKqjru, 0xe02e07f40a4d21e0d5fa5ff929adf8b9bfeacaf06bd5987b2741522b01ba4a32, 0.3, balances, transfer_keep_alive
2023-04-12, 02:24:00, 17438940-2, 17438940, 0x763dc55d1c7c2e19f4bf78230b2193688ec209f03f870e23ad6374685c561a55, CzAdFxUSFfeu9ZSxmiw9SgCE82GWXyK5ScVjc1ZkkNKqjru, 0xe02e07f40a4d21e0d5fa5ff929adf8b9bfeacaf06bd5987b2741522b01ba4a32, 0.6, balances, transfer_keep_alive
2023-04-12, 02:23:54, 17438939-2, 17438939, 0xb2852ab58de8267bc16eb14994cf173b70855487c2f4032fffa6efeabca92037, CzAdFxUSFfeu9ZSxmiw9SgCE82GWXyK5ScVjc1ZkkNKqjru, 0xf8547fde2d99534f00b548363ea18c47f8e72003b1097417f4d337080a94890b, 0.6, balances, transfer_keep_alive
2023-04-12, 02:23:48, 17438938-2, 17438938, 0x3c4b1ced12b04a668752218f04ee6949bd7658f29061f050432e0f92ae28d785, CzAdFxUSFfeu9ZSxmiw9SgCE82GWXyK5ScVjc1ZkkNKqjru, 0xfada8b71c5d2906a12a63adb35dac00d22349528af0d39e9dcf9e8d43d828878, 0.9, balances, transfer_keep_alive
2023-04-12, 02:23:42, 17438937-2, 17438937, 0x3f2a098c4a1e8529d66b1fa803bff454890a904209a524dbe749409d7220b06d, CzAdFxUSFfeu9ZSxmiw9SgCE82GWXyK5ScVjc1ZkkNKqjru, 0x1e5c61cb6941b247d22fa14392fb8710a23493db5857c2904a76b3bcfda7d217, 0.18, balances, transfer_keep_alive
2023-04-12, 02:23:36, 17438936-2, 17438936, 0x5d9689e70bd2a35fa6ff9ba51549ff862597709a1eac9ebedcf51446ccf8244a, CzAdFxUSFfeu9ZSxmiw9SgCE82GWXyK5ScVjc1ZkkNKqjru, 0x1e5c61cb6941b247d22fa14392fb8710a23493db5857c2904a76b3bcfda7d217, 0.6, balances, transfer_keep_alive
2023-04-12, 02:23:30, 17438935-2, 17438935, 0xc74ba5e3c47babc4a8645980ed0ec3d53b98f8d2fee53667a0c2afbc3f120258, CzAdFxUSFfeu9ZSxmiw9SgCE82GWXyK5ScVjc1ZkkNKqjru, 0x1e5c61cb6941b247d22fa14392fb8710a23493db5857c2904a76b3bcfda7d217, 0.3, balances, transfer_keep_alive
2023-04-12, 02:07:00, 17438772-2, 17438772, 0x946e5bb6449fecf326bc00f01f716737b06c2ec1c51aeebde4af8fe9f757b8ab, Eg5RgdZdpJ5obxd4fo3L5ujVsDVsQAYGA2ecmJcTdUG48Y9, 0x3e99b8fe7cf36148ba3d149efc1565034106e818332ba1e15756a869939a7153, 1.56, balances, transfer_keep_alive
2023-04-12, 02:06:30, 17438767-2, 17438767, 0x00efb4722b2f097673d8dd14ee59be6730599ebd51ddc44bdfb68facf2bb6f98, CzAdFxUSFfeu9ZSxmiw9SgCE82GWXyK5ScVjc1ZkkNKqjru, 0x10bc99b54e17cf891426bd2e16e0c9da26fbf09fe9d4f35f9f442f17153b595d, 0.5, balances, transfer_keep_alive
2023-04-12, 02:06:24, 17438766-2, 17438766, 0xe55efd3cf89b5d489d718c7e45250dfba97a1cacf21076098c78da59b1cdde5f, CzAdFxUSFfeu9ZSxmiw9SgCE82GWXyK5ScVjc1ZkkNKqjru, 0x161b693b91b3b8667f94cff075b029b90fc828441b516b447d7a87d635ab3f7b, 0.1, balances, transfer_keep_alive
2023-04-12, 02:06:18, 17438765-2, 17438765, 0xd326e812fddc418fce9d74bb66aa7040afc29e5e3dd625403ac19f266eb89396, CzAdFxUSFfeu9ZSxmiw9SgCE82GWXyK5ScVjc1ZkkNKqjru, 0x02e4c417ef8a41169e61e2ed65c894a9c5bdd99be5d8a4c9d45a5ba6d2049f7b, 0.1, balances, transfer_keep_alive
2023-04-12, 02:06:12, 17438764-4, 17438764, 0x2e275c39d2b8c7e6360ced43bf8d2dd849865fd5e15fb4866ae4fa8c722d8f49, CzAdFxUSFfeu9ZSxmiw9SgCE82GWXyK5ScVjc1ZkkNKqjru, 0x02e4c417ef8a41169e61e2ed65c894a9c5bdd99be5d8a4c9d45a5ba6d2049f7b, 0.5, balances, transfer_keep_alive
2023-04-12, 02:06:06, 17438763-2, 17438763, 0x2f1e79c7e4bf9853b1a3a2900db064cb8e1155f3d04414fccbc1cc3edc9043cf, CzAdFxUSFfeu9ZSxmiw9SgCE82GWXyK5ScVjc1ZkkNKqjru, 0x161b693b91b3b8667f94cff075b029b90fc828441b516b447d7a87d635ab3f7b, 0.2, balances, transfer_keep_alive
2023-04-12, 02:06:00, 17438762-2, 17438762, 0x64834ae8b1b4e2ea022762f1c6877fa32077d5df76939bc6cb3af3c3c75b8a26, CzAdFxUSFfeu9ZSxmiw9SgCE82GWXyK5ScVjc1ZkkNKqjru, 0x02e4c417ef8a41169e61e2ed65c894a9c5bdd99be5d8a4c9d45a5ba6d2049f7b, 2.0, balances, transfer_keep_alive
2023-04-12, 02:05:54, 17438761-2, 17438761, 0xdde41a4be540fc23f8cbc84afb5f34fcf55c72c2ae930003688bb24614ad33a9, CzAdFxUSFfeu9ZSxmiw9SgCE82GWXyK5ScVjc1ZkkNKqjru, 0x161b693b91b3b8667f94cff075b029b90fc828441b516b447d7a87d635ab3f7b, 0.2, balances, transfer_keep_alive
2023-04-12, 02:05:48, 17438760-3, 17438760, 0x8a948008287937ae4fa447a82baa7ceeea2612725e713fe97cc63e10111a1ea9, CzAdFxUSFfeu9ZSxmiw9SgCE82GWXyK5ScVjc1ZkkNKqjru, 0x02e4c417ef8a41169e61e2ed65c894a9c5bdd99be5d8a4c9d45a5ba6d2049f7b, 0.2, balances, transfer_keep_alive
2023-04-12, 02:05:42, 17438759-5, 17438759, 0xc956085186f29a6f8a4fb0de0ce56ceaacfae50cddd76b66779c500414ceb101, CzAdFxUSFfeu9ZSxmiw9SgCE82GWXyK5ScVjc1ZkkNKqjru, 0x02e4c417ef8a41169e61e2ed65c894a9c5bdd99be5d8a4c9d45a5ba6d2049f7b, 1.0, balances, transfer_keep_alive
2023-04-12, 02:05:36, 17438758-2, 17438758, 0xd0951c83424c5322b4f38cf4729a78537fa1dd2c38e0437c5c2df0286869719b, CzAdFxUSFfeu9ZSxmiw9SgCE82GWXyK5ScVjc1ZkkNKqjru, 0x161b693b91b3b8667f94cff075b029b90fc828441b516b447d7a87d635ab3f7b, 0.1, balances, transfer_keep_alive
2023-04-12, 02:05:30, 17438757-2, 17438757, 0x575b522a4e1a293ce75629b4a70ad8db4dc4149dfdfee0a2f289cd1908ba7a4d, CzAdFxUSFfeu9ZSxmiw9SgCE82GWXyK5ScVjc1ZkkNKqjru, 0x02e4c417ef8a41169e61e2ed65c894a9c5bdd99be5d8a4c9d45a5ba6d2049f7b, 0.1, balances, transfer_keep_alive
2023-04-12, 02:05:24, 17438756-3, 17438756, 0xa7aca6a5103aaea73fe58b4db2a521cccc690b254f7c7cfe6d6fe76d6ed59758, CzAdFxUSFfeu9ZSxmiw9SgCE82GWXyK5ScVjc1ZkkNKqjru, 0x02e4c417ef8a41169e61e2ed65c894a9c5bdd99be5d8a4c9d45a5ba6d2049f7b, 0.2, balances, transfer_keep_alive
2023-04-12, 02:05:18, 17438755-2, 17438755, 0x458442e17ae7634746fca4917cd7ee8ce68b3cd602df9aec0411f9fee6338f20, CzAdFxUSFfeu9ZSxmiw9SgCE82GWXyK5ScVjc1ZkkNKqjru, 0x02e4c417ef8a41169e61e2ed65c894a9c5bdd99be5d8a4c9d45a5ba6d2049f7b, 0.5, balances, transfer_keep_alive
2023-04-12, 02:05:12, 17438754-2, 17438754, 0x566f3aff1e7ee18342c900437febe88e5b6122e3392cb9413e02a3b4ac6fa174, CzAdFxUSFfeu9ZSxmiw9SgCE82GWXyK5ScVjc1ZkkNKqjru, 0x161b693b91b3b8667f94cff075b029b90fc828441b516b447d7a87d635ab3f7b, 0.1, balances, transfer_keep_alive
2023-04-12, 02:05:06, 17438753-3, 17438753, 0x4d7362a4de7a5f307b03da161e0c47b28c4f274e4a53ac8607395f27e6079786, CzAdFxUSFfeu9ZSxmiw9SgCE82GWXyK5ScVjc1ZkkNKqjru, 0x161b693b91b3b8667f94cff075b029b90fc828441b516b447d7a87d635ab3f7b, 0.2, balances, transfer_keep_alive
2023-04-12, 02:05:00, 17438752-3, 17438752, 0x00f2e1edd1b13e0c52860ddda4f0bf4354da172933e2073c47a6f77ce3b02ef2, CzAdFxUSFfeu9ZSxmiw9SgCE82GWXyK5ScVjc1ZkkNKqjru, 0x02e4c417ef8a41169e61e2ed65c894a9c5bdd99be5d8a4c9d45a5ba6d2049f7b, 0.1, balances, transfer_keep_alive
2023-04-12, 02:04:54, 17438751-3, 17438751, 0x34b77d3c9deeb7c7f94046e9a192e36113c58385d1361deba5ec59f3605089d4, CzAdFxUSFfeu9ZSxmiw9SgCE82GWXyK5ScVjc1ZkkNKqjru, 0x02e4c417ef8a41169e61e2ed65c894a9c5bdd99be5d8a4c9d45a5ba6d2049f7b, 0.5, balances, transfer_keep_alive
2023-04-12, 02:04:48, 17438750-3, 17438750, 0x362ec9a6c9f69f2f58945cc48be214ef785bb88ee09439c8073f7ee80ba6f00f, CzAdFxUSFfeu9ZSxmiw9SgCE82GWXyK5ScVjc1ZkkNKqjru, 0x02e4c417ef8a41169e61e2ed65c894a9c5bdd99be5d8a4c9d45a5ba6d2049f7b, 2.0, balances, transfer_keep_alive
2023-04-12, 02:04:42, 17438749-3, 17438749, 0x73852446d5c432b48256808df4a20d903440e28dfd33c6e10d49c348e3098407, CzAdFxUSFfeu9ZSxmiw9SgCE82GWXyK5ScVjc1ZkkNKqjru, 0x02e4c417ef8a41169e61e2ed65c894a9c5bdd99be5d8a4c9d45a5ba6d2049f7b, 0.1, balances, transfer_keep_alive
2023-04-12, 02:04:36, 17438748-3, 17438748, 0x7cfb188171081844471727b1055c8853598b9e4b6c35af6c137362d734302570, CzAdFxUSFfeu9ZSxmiw9SgCE82GWXyK5ScVjc1ZkkNKqjru, 0x02e4c417ef8a41169e61e2ed65c894a9c5bdd99be5d8a4c9d45a5ba6d2049f7b, 0.3, balances, transfer_keep_alive
2023-04-12, 02:04:30, 17438747-2, 17438747, 0xbd128c1a368bfc1cfd34199e8a7d1b9235321f6575154384fc6ce135a484b76d, CzAdFxUSFfeu9ZSxmiw9SgCE82GWXyK5ScVjc1ZkkNKqjru, 0x02e4c417ef8a41169e61e2ed65c894a9c5bdd99be5d8a4c9d45a5ba6d2049f7b, 0.5, balances, transfer_keep_alive
2023-04-12, 02:04:24, 17438746-3, 17438746, 0x28e295b1ad3a550a5ddc1004a5cf3dee95e6e95f1ca620ccee135eca10f64e82, CzAdFxUSFfeu9ZSxmiw9SgCE82GWXyK5ScVjc1ZkkNKqjru, 0x161b693b91b3b8667f94cff075b029b90fc828441b516b447d7a87d635ab3f7b, 0.1, balances, transfer_keep_alive
2023-04-12, 02:04:18, 17438745-4, 17438745, 0xe2f5c2f3fa75abd76fb7d715f82a1414c961787cf7a80094a9a8d511c938067d, CzAdFxUSFfeu9ZSxmiw9SgCE82GWXyK5ScVjc1ZkkNKqjru, 0x161b693b91b3b8667f94cff075b029b90fc828441b516b447d7a87d635ab3f7b, 0.1, balances, transfer_keep_alive
2023-04-12, 02:04:12, 17438744-4, 17438744, 0xf83cf519da21faa8a733d85acc43430fb35bf6acb40d4dea131632ddb64c0fbd, CzAdFxUSFfeu9ZSxmiw9SgCE82GWXyK5ScVjc1ZkkNKqjru, 0x161b693b91b3b8667f94cff075b029b90fc828441b516b447d7a87d635ab3f7b, 0.5, balances, transfer_keep_alive
2023-04-12, 02:04:06, 17438743-5, 17438743, 0xa8977c440e6b31550fe6bc0cafa00da34e83dff6f88bce888a918e3746b4f25f, CzAdFxUSFfeu9ZSxmiw9SgCE82GWXyK5ScVjc1ZkkNKqjru, 0x34339c863270264c2c20b8ae46317952092bfd4df0d6a11a35fccebcd328bc4b, 0.1, balances, transfer_keep_alive
2023-04-12, 02:04:00, 17438742-3, 17438742, 0x694ed611cc7ee173d6c2e9574b3debbf95916b08a1442c626aca7f567a81c4ea, CzAdFxUSFfeu9ZSxmiw9SgCE82GWXyK5ScVjc1ZkkNKqjru, 0x8aaaccc15d1e83263b6f51805be7a175838e9039d93a4c510954d03b8928fc51, 0.3, balances, transfer_keep_alive
2023-04-12, 02:03:54, 17438741-6, 17438741, 0x1ceb13ae08f1a2df02e5db219f47c63afe643c06a1473ae9bff4b732c10dc511, CzAdFxUSFfeu9ZSxmiw9SgCE82GWXyK5ScVjc1ZkkNKqjru, 0x8aaaccc15d1e83263b6f51805be7a175838e9039d93a4c510954d03b8928fc51, 0.1, balances, transfer_keep_alive
2023-04-12, 02:03:48, 17438740-6, 17438740, 0x050dca231630593c5cfb98137fcff00616ad99e4c5016eb68595baa95b99439d, CzAdFxUSFfeu9ZSxmiw9SgCE82GWXyK5ScVjc1ZkkNKqjru, 0x8aaaccc15d1e83263b6f51805be7a175838e9039d93a4c510954d03b8928fc51, 0.5, balances, transfer_keep_alive
2023-04-12, 02:03:42, 17438739-6, 17438739, 0xea2691d49c54295164429bbd8ab827107d9e75d3a4c50e12bf20c95deb79633d, CzAdFxUSFfeu9ZSxmiw9SgCE82GWXyK5ScVjc1ZkkNKqjru, 0x02e4c417ef8a41169e61e2ed65c894a9c5bdd99be5d8a4c9d45a5ba6d2049f7b, 0.1, balances, transfer_keep_alive
2023-04-12, 02:03:36, 17438738-3, 17438738, 0x56759929e40149993d1fd0626c58a7486fa4a0eb836d182f66c80eff723bdd31, CzAdFxUSFfeu9ZSxmiw9SgCE82GWXyK5ScVjc1ZkkNKqjru, 0x02e4c417ef8a41169e61e2ed65c894a9c5bdd99be5d8a4c9d45a5ba6d2049f7b, 0.5, balances, transfer_keep_alive
2023-04-12, 02:03:30, 17438737-5, 17438737, 0x55739269419aa9cd858401c11cfa8fdee7a1dc0ab22f92c25b7fb6e649ac8035, CzAdFxUSFfeu9ZSxmiw9SgCE82GWXyK5ScVjc1ZkkNKqjru, 0x8aaaccc15d1e83263b6f51805be7a175838e9039d93a4c510954d03b8928fc51, 0.1, balances, transfer_keep_alive
2023-04-12, 02:03:24, 17438736-4, 17438736, 0xb97ef554e284b40e952e3a2cd87b86370ba484822c1d67175db74206fddc0dca, CzAdFxUSFfeu9ZSxmiw9SgCE82GWXyK5ScVjc1ZkkNKqjru, 0x8aaaccc15d1e83263b6f51805be7a175838e9039d93a4c510954d03b8928fc51, 0.5, balances, transfer_keep_alive
2023-04-12, 02:03:18, 17438735-4, 17438735, 0xa8a565402dc879ec18d5935e37989798f3c01f5d79e9e2d6ca9703a0242aea56, CzAdFxUSFfeu9ZSxmiw9SgCE82GWXyK5ScVjc1ZkkNKqjru, 0x5664297a55f901e4d47d178952b6197461ee056acb7722b6a0ed6f838092ae3b, 2.0, balances, transfer_keep_alive
2023-04-12, 02:03:12, 17438734-3, 17438734, 0x85328a2c1a4779085bff35511b69ed8f77d97e0feca6fac7f66a1f267d47c5b6, CzAdFxUSFfeu9ZSxmiw9SgCE82GWXyK5ScVjc1ZkkNKqjru, 0x5664297a55f901e4d47d178952b6197461ee056acb7722b6a0ed6f838092ae3b, 5.0, balances, transfer_keep_alive
2023-04-12, 02:03:06, 17438733-4, 17438733, 0x1890e8b78c40699b8890f7dad192f62a5f8802ae3bcfb615157ef120dcf761f4, CzAdFxUSFfeu9ZSxmiw9SgCE82GWXyK5ScVjc1ZkkNKqjru, 0x34339c863270264c2c20b8ae46317952092bfd4df0d6a11a35fccebcd328bc4b, 0.5, balances, transfer_keep_alive
2023-04-12, 02:03:00, 17438732-3, 17438732, 0x3180d26339b001e141ecd89f36d3734b94083f7d4a9d2f3604dbae5df9588c77, CzAdFxUSFfeu9ZSxmiw9SgCE82GWXyK5ScVjc1ZkkNKqjru, 0x161b693b91b3b8667f94cff075b029b90fc828441b516b447d7a87d635ab3f7b, 0.5, balances, transfer_keep_alive
2023-04-12, 02:02:54, 17438731-8, 17438731, 0x3587878091f0d68ec21cf38ad664fac484a03cb0dfa8f080190630427da5ac25, CzAdFxUSFfeu9ZSxmiw9SgCE82GWXyK5ScVjc1ZkkNKqjru, 0x02e4c417ef8a41169e61e2ed65c894a9c5bdd99be5d8a4c9d45a5ba6d2049f7b, 0.1, balances, transfer_keep_alive
2023-04-12, 02:02:48, 17438730-5, 17438730, 0x15aa240b148a28b0ce6ddc98d4c1f848db3164478e6d4a6a8bfb931a1b701a93, CzAdFxUSFfeu9ZSxmiw9SgCE82GWXyK5ScVjc1ZkkNKqjru, 0x02e4c417ef8a41169e61e2ed65c894a9c5bdd99be5d8a4c9d45a5ba6d2049f7b, 0.5, balances, transfer_keep_alive
2023-04-12, 02:02:42, 17438729-5, 17438729, 0x56998da76b125bf9a37b54c47df9cb14613b6bb0abff40ca5b719770b527cada, CzAdFxUSFfeu9ZSxmiw9SgCE82GWXyK5ScVjc1ZkkNKqjru, 0x8aaaccc15d1e83263b6f51805be7a175838e9039d93a4c510954d03b8928fc51, 0.1, balances, transfer_keep_alive
2023-04-12, 02:02:36, 17438728-6, 17438728, 0x30f555b8f1172a08b7984879fc1c27bf7a89789ea4400598029a1494b635881f, CzAdFxUSFfeu9ZSxmiw9SgCE82GWXyK5ScVjc1ZkkNKqjru, 0x8aaaccc15d1e83263b6f51805be7a175838e9039d93a4c510954d03b8928fc51, 0.5, balances, transfer_keep_alive
2023-04-12, 02:02:30, 17438727-2, 17438727, 0xc71232dd806fa0c9c6567eaa0302f9316f5d1a79294bb46b737f33b0fe068b1c, CzAdFxUSFfeu9ZSxmiw9SgCE82GWXyK5ScVjc1ZkkNKqjru, 0x34339c863270264c2c20b8ae46317952092bfd4df0d6a11a35fccebcd328bc4b, 0.5, balances, transfer_keep_alive
2023-04-12, 02:02:24, 17438726-5, 17438726, 0x8c069aae9bf1e1c59a073de7f31e95d3649cad42c7b9f896bb8dd3729fccd933, CzAdFxUSFfeu9ZSxmiw9SgCE82GWXyK5ScVjc1ZkkNKqjru, 0x34339c863270264c2c20b8ae46317952092bfd4df0d6a11a35fccebcd328bc4b, 0.1, balances, transfer_keep_alive
2023-04-12, 02:02:18, 17438725-6, 17438725, 0x75ee27ca6fd2a222eae474b69f26b34ec9b91ce301a88776832cdd2670001313, CzAdFxUSFfeu9ZSxmiw9SgCE82GWXyK5ScVjc1ZkkNKqjru, 0x34339c863270264c2c20b8ae46317952092bfd4df0d6a11a35fccebcd328bc4b, 0.5, balances, transfer_keep_alive
2023-04-12, 02:02:12, 17438724-5, 17438724, 0x069616e269ac2f17c4b250fb3050e77128adc9b060b7d7d9d6d0a66c0209ab3a, CzAdFxUSFfeu9ZSxmiw9SgCE82GWXyK5ScVjc1ZkkNKqjru, 0x34339c863270264c2c20b8ae46317952092bfd4df0d6a11a35fccebcd328bc4b, 0.2, balances, transfer_keep_alive
2023-04-12, 02:02:06, 17438723-6, 17438723, 0xdececbbd0b8a37e002d516589ddf50ff63f5262025e257ce915f1ebacae9c666, CzAdFxUSFfeu9ZSxmiw9SgCE82GWXyK5ScVjc1ZkkNKqjru, 0x02e4c417ef8a41169e61e2ed65c894a9c5bdd99be5d8a4c9d45a5ba6d2049f7b, 0.1, balances, transfer_keep_alive
2023-04-12, 02:02:00, 17438722-6, 17438722, 0x712209a146f1281d792b6ecd967c83dc178ac219239d8d9708b99ecc6e274e25, CzAdFxUSFfeu9ZSxmiw9SgCE82GWXyK5ScVjc1ZkkNKqjru, 0x02e4c417ef8a41169e61e2ed65c894a9c5bdd99be5d8a4c9d45a5ba6d2049f7b, 0.5, balances, transfer_keep_alive
2023-04-12, 02:01:48, 17438721-6, 17438721, 0xd6c8cc28a1a297cd1a25b4424e9d2f04b2c3f824eb951fd705cc3a490e69b820, CzAdFxUSFfeu9ZSxmiw9SgCE82GWXyK5ScVjc1ZkkNKqjru, 0x02e4c417ef8a41169e61e2ed65c894a9c5bdd99be5d8a4c9d45a5ba6d2049f7b, 0.1, balances, transfer_keep_alive
2023-04-12, 02:01:42, 17438720-3, 17438720, 0x08aa609b725d9cafcad7e01fef9b74085cc536e37b57aa39c1c4ef5214a14665, CzAdFxUSFfeu9ZSxmiw9SgCE82GWXyK5ScVjc1ZkkNKqjru, 0x02e4c417ef8a41169e61e2ed65c894a9c5bdd99be5d8a4c9d45a5ba6d2049f7b, 0.3, balances, transfer_keep_alive
2023-04-12, 02:01:36, 17438719-3, 17438719, 0x6fce6355ab4e3010be5ad1cd4def687755fe18ee1b963a984b5a96bc274621ef, CzAdFxUSFfeu9ZSxmiw9SgCE82GWXyK5ScVjc1ZkkNKqjru, 0x02e4c417ef8a41169e61e2ed65c894a9c5bdd99be5d8a4c9d45a5ba6d2049f7b, 0.1, balances, transfer_keep_alive
2023-04-12, 02:01:30, 17438718-6, 17438718, 0xedb3e4a03f7d3709393e488a55d1bfb56a12a4ab8afcb07a54f13c9158266600, CzAdFxUSFfeu9ZSxmiw9SgCE82GWXyK5ScVjc1ZkkNKqjru, 0x02e4c417ef8a41169e61e2ed65c894a9c5bdd99be5d8a4c9d45a5ba6d2049f7b, 0.3, balances, transfer_keep_alive
2023-04-12, 02:01:24, 17438717-6, 17438717, 0x9200356fe0e825e7573ab99652359baf8d6cf597f6bf3d02aeddcbce78ac7cdb, CzAdFxUSFfeu9ZSxmiw9SgCE82GWXyK5ScVjc1ZkkNKqjru, 0x8aaaccc15d1e83263b6f51805be7a175838e9039d93a4c510954d03b8928fc51, 0.1, balances, transfer_keep_alive
2023-04-12, 02:01:18, 17438716-11, 17438716, 0x8ba18464d7ae16d4fd00959df23c9c9523c008823216eec4033c759fbc1cfd8b, CzAdFxUSFfeu9ZSxmiw9SgCE82GWXyK5ScVjc1ZkkNKqjru, 0x8aaaccc15d1e83263b6f51805be7a175838e9039d93a4c510954d03b8928fc51, 0.5, balances, transfer_keep_alive
2023-04-12, 02:01:12, 17438715-4, 17438715, 0x5589b446f1eec4d94906dc9dc9cbb6faa38c50c3430208edbf24d75aee9f8e98, CzAdFxUSFfeu9ZSxmiw9SgCE82GWXyK5ScVjc1ZkkNKqjru, 0xcc8ee6e4a9a972910a4a203c1cdd6e363dfe24e2b6189cf6e1467460204a9954, 0.2, balances, transfer_keep_alive
2023-04-12, 02:01:06, 17438714-3, 17438714, 0x425254c8b9b5e1545c9291cb5b63b7766b7d03ff04d3a7438a195318352c2a4d, CzAdFxUSFfeu9ZSxmiw9SgCE82GWXyK5ScVjc1ZkkNKqjru, 0xcc8ee6e4a9a972910a4a203c1cdd6e363dfe24e2b6189cf6e1467460204a9954, 1.0, balances, transfer_keep_alive
2023-04-12, 02:01:00, 17438713-3, 17438713, 0xdb1a90a137c86898f91a7664af5a5d4d1af61ed43852d50447cc7c58160b93a9, CzAdFxUSFfeu9ZSxmiw9SgCE82GWXyK5ScVjc1ZkkNKqjru, 0x34339c863270264c2c20b8ae46317952092bfd4df0d6a11a35fccebcd328bc4b, 0.2, balances, transfer_keep_alive
2023-04-12, 02:00:54, 17438712-4, 17438712, 0x4ac00e368050a5a5d672b44f4a977cd0f8a173904e54c0254dab709e7ac9fc25, CzAdFxUSFfeu9ZSxmiw9SgCE82GWXyK5ScVjc1ZkkNKqjru, 0x34339c863270264c2c20b8ae46317952092bfd4df0d6a11a35fccebcd328bc4b, 0.5, balances, transfer_keep_alive
2023-04-12, 02:00:48, 17438711-6, 17438711, 0x501bdd5c96f65c699069e5bf3e12ffed14322b34b288904cbe66211f7498524a, CzAdFxUSFfeu9ZSxmiw9SgCE82GWXyK5ScVjc1ZkkNKqjru, 0x34339c863270264c2c20b8ae46317952092bfd4df0d6a11a35fccebcd328bc4b, 1.0, balances, transfer_keep_alive
2023-04-12, 02:00:42, 17438710-3, 17438710, 0x86299302ffd3e83fa1e8715c8dcdbd9ff50264f8d79db8ec2c67a9d38bc039bc, CzAdFxUSFfeu9ZSxmiw9SgCE82GWXyK5ScVjc1ZkkNKqjru, 0x8aaaccc15d1e83263b6f51805be7a175838e9039d93a4c510954d03b8928fc51, 0.1, balances, transfer_keep_alive
2023-04-12, 02:00:36, 17438709-6, 17438709, 0x32ac7af9ad62351820ba8f2d1cffa90c19fcf5ce4702a3ebc1fdef7f22ab68fc, CzAdFxUSFfeu9ZSxmiw9SgCE82GWXyK5ScVjc1ZkkNKqjru, 0x8aaaccc15d1e83263b6f51805be7a175838e9039d93a4c510954d03b8928fc51, 0.5, balances, transfer_keep_alive
2023-04-12, 02:00:30, 17438708-5, 17438708, 0xdf54f9be3dae0400bb669f11eaa6a67a077789755b5b9c0d7fec84ee5241cb76, CzAdFxUSFfeu9ZSxmiw9SgCE82GWXyK5ScVjc1ZkkNKqjru, 0x02e4c417ef8a41169e61e2ed65c894a9c5bdd99be5d8a4c9d45a5ba6d2049f7b, 0.1, balances, transfer_keep_alive
2023-04-12, 02:00:24, 17438707-8, 17438707, 0x8bfb2b6395755994c1b3a85fdd07a01b882ecbc5ecaa4d4661c2c0f583ec79f3, CzAdFxUSFfeu9ZSxmiw9SgCE82GWXyK5ScVjc1ZkkNKqjru, 0x02e4c417ef8a41169e61e2ed65c894a9c5bdd99be5d8a4c9d45a5ba6d2049f7b, 0.3, balances, transfer_keep_alive
2023-04-12, 02:00:18, 17438706-4, 17438706, 0x0881bbdf5a80e16d711ca750a87d90c3f228bdc9e9b82cf6008487b9a6f01ca8, CzAdFxUSFfeu9ZSxmiw9SgCE82GWXyK5ScVjc1ZkkNKqjru, 0x8aaaccc15d1e83263b6f51805be7a175838e9039d93a4c510954d03b8928fc51, 0.2, balances, transfer_keep_alive
2023-04-12, 02:00:12, 17438705-6, 17438705, 0x5429baafd762d92fd7e39aa42e025cbcd1d98c8ef0d1bbc9d912b779cb948c94, CzAdFxUSFfeu9ZSxmiw9SgCE82GWXyK5ScVjc1ZkkNKqjru, 0x8aaaccc15d1e83263b6f51805be7a175838e9039d93a4c510954d03b8928fc51, 0.5, balances, transfer_keep_alive
2023-04-12, 02:00:06, 17438704-5, 17438704, 0x24adceda6213dea97af85da3177927eb7f44c231989e46053b1313e4a659c505, CzAdFxUSFfeu9ZSxmiw9SgCE82GWXyK5ScVjc1ZkkNKqjru, 0x02e4c417ef8a41169e61e2ed65c894a9c5bdd99be5d8a4c9d45a5ba6d2049f7b, 0.1, balances, transfer_keep_alive
2023-04-12, 02:00:00, 17438703-4, 17438703, 0xab25e2c5d7ea6eb0eb1cdc2c9288d872bc5b6b4010844438e707868b9896a0f2, CzAdFxUSFfeu9ZSxmiw9SgCE82GWXyK5ScVjc1ZkkNKqjru, 0x02e4c417ef8a41169e61e2ed65c894a9c5bdd99be5d8a4c9d45a5ba6d2049f7b, 0.3, balances, transfer_keep_alive
2023-04-12, 01:59:54, 17438702-5, 17438702, 0x612b4f7b215df6382af52cbf9b4bf55a774ed7fc73ebe2fe9b176da855db4e1a, CzAdFxUSFfeu9ZSxmiw9SgCE82GWXyK5ScVjc1ZkkNKqjru, 0x34339c863270264c2c20b8ae46317952092bfd4df0d6a11a35fccebcd328bc4b, 0.1, balances, transfer_keep_alive
2023-04-12, 01:59:48, 17438701-5, 17438701, 0x181ef7ff3089f647a13136da9e06622705550b2ea99c4d8c088843c48dec0a0b, CzAdFxUSFfeu9ZSxmiw9SgCE82GWXyK5ScVjc1ZkkNKqjru, 0x34339c863270264c2c20b8ae46317952092bfd4df0d6a11a35fccebcd328bc4b, 1.0, balances, transfer_keep_alive
2023-04-12, 01:59:42, 17438700-6, 17438700, 0x2cc7dad26ff39d0bdacd862109096806ccd8e4622ec8c28983d4d097e021cad9, CzAdFxUSFfeu9ZSxmiw9SgCE82GWXyK5ScVjc1ZkkNKqjru, 0x10bc99b54e17cf891426bd2e16e0c9da26fbf09fe9d4f35f9f442f17153b595d, 1.0, balances, transfer_keep_alive
2023-04-12, 01:59:36, 17438699-4, 17438699, 0xdea654db2e07000359955f5c026456a06991b9c97da41a93fb658ef0c51a3656, CzAdFxUSFfeu9ZSxmiw9SgCE82GWXyK5ScVjc1ZkkNKqjru, 0x8aaaccc15d1e83263b6f51805be7a175838e9039d93a4c510954d03b8928fc51, 0.1, balances, transfer_keep_alive
2023-04-12, 01:59:30, 17438698-12, 17438698, 0xae848091cd691862c302cae6d545e85a0f1d236781b7eeefc80d5e75d09af3a7, CzAdFxUSFfeu9ZSxmiw9SgCE82GWXyK5ScVjc1ZkkNKqjru, 0x8aaaccc15d1e83263b6f51805be7a175838e9039d93a4c510954d03b8928fc51, 0.5, balances, transfer_keep_alive
2023-04-12, 01:59:24, 17438697-7, 17438697, 0x2792c9a209d28f72c1359c4dc9e8aab619ecac823b0267a8de8760415b9c2493, CzAdFxUSFfeu9ZSxmiw9SgCE82GWXyK5ScVjc1ZkkNKqjru, 0x02e4c417ef8a41169e61e2ed65c894a9c5bdd99be5d8a4c9d45a5ba6d2049f7b, 0.5, balances, transfer_keep_alive
2023-04-12, 01:59:18, 17438696-9, 17438696, 0x38377b26b7aad001a5aa5c6c16c2ae68b063e3ba0d0a995da6073ec9c836fd0d, CzAdFxUSFfeu9ZSxmiw9SgCE82GWXyK5ScVjc1ZkkNKqjru, 0x10bc99b54e17cf891426bd2e16e0c9da26fbf09fe9d4f35f9f442f17153b595d, 0.3, balances, transfer_keep_alive
2023-04-12, 01:59:12, 17438695-8, 17438695, 0x100d7d06612ed8888171f7c0c358e4c21459806878048729d695579e0c403bcf, CzAdFxUSFfeu9ZSxmiw9SgCE82GWXyK5ScVjc1ZkkNKqjru, 0x10bc99b54e17cf891426bd2e16e0c9da26fbf09fe9d4f35f9f442f17153b595d, 1.0, balances, transfer_keep_alive
2023-04-12, 01:52:24, 17438628-4, 17438628, 0x1d6f71c62556887ed5c74edcd6adfdf7c7b7d961a8f82c3d4f6837145d01a2d7, FnztXXLG2zmGiBE7eFM1CPmxjvPHNh8b3iTM6c3nzAEBVWP, 0x28e6764008dbd0a815acc370afeee9aa8a61fa7fbffc70bb212ebf094edfd274, 35.0, balances, transfer_keep_alive
2023-04-12, 01:44:06, 17438545-2, 17438545, 0x38a305b86e63aa9b26634118d358c3cabe3af8703625ede1140bec8fb78928d1, Fpk8XEXTzd3inMNDtPKDdV6y1VLYmFT3TEkPGDBDxYxu1zk, 0x0042f3a60710c357d55341f37764d370d67a16b9a196dc77e184cd13241f8b6d, 30.62624, balances, transfer_keep_alive
2023-04-12, 01:39:48, 17438502-4, 17438502, 0xbb02a7fe34beafc92c886ed313bf8f2b81f7b0d95e2657fe81255e40ba5bba92, DJGEw4dhMhXwQgfLwvhhyPwKEnxiT9178hy8ovVYHVMvnws, 0x35bc8ed9a9d3382ad1f7ea7371977546de0b4148c282c8d669924e1420d8e857, 1.61696, balances, transfer_keep_alive
2023-04-12, 01:38:36, 17438490-4, 17438490, 0x068a76165b12de5cfeabdfd773dc32eba26227e8f8802315e37af8368f361f75, HPEUSt1fetvjvwJ68YwqZzXUzZuY9S6cMb2uLsDJffwnPmZ, 0x0edaf4aeb7d9436b114e3fb28f8f2cf24b6fb366cdbe47a98c0232db9a7777f7, 13.0, balances, transfer_keep_alive
2023-04-12, 01:17:06, 17438277-2, 17438277, 0x4fc8911b9a229cfa29d3103d34931580e21a2dbdc1dd2cd5a7c8e96bc22d18f0, HLP2WNBn8LKY1N6tVea2ttLYSCku46cXXQcCuZFBMCzuSdr, 0x8fb4fd62507ad72a7f59d67b4acdd977c29505b428c482aad1deac9bf8aad748, 13.07662, balances, transfer_keep_alive
2023-04-12, 01:08:12, 17438188-2, 17438188, 0xb41e6a5dfadef9bcb0e0e2388611d43a39f43f0ee5319316d32d132fc14aeb33, J3f7ULfjVbbBYvZtMvaEDiUC8odXjt2A2hGShshBFCKHazY, 0x646dffeec764346cf49cbc8a0ef6fe4c9970233338675c438b6c3773d634c11c, 1.8, balances, transfer_keep_alive
2023-04-12, 00:58:18, 17438090-8, 17438090, 0x84a13bf3db375b80666464b2bea23db118346b9426b1fd74ddc83bf8810cd963, DDRYYAgg64VMsVG4y4bNfHJqcFLkXtpe4x8XhQsQhKUyVq3, 0x8e7a862a94335a3bd92cc45fa153cbca67b8332451edbb1f8b9e13583d7acc74, 0.2, balances, transfer_keep_alive
2023-04-12, 00:56:18, 17438070-7, 17438070, 0xcd23c9cf6184c7c69ec4390c4efd6ba3f7e8decf38e90b26a9b8e46fd512f757, HCu5eXJvBAdXjhbvc1PdRUNvk8P39UNsdoUX3RkLEP1P9Zh, 0xccd6c0837df9e1770fba2bc89e027432ba5dd754c9b79e628e0402ec7401e41e, 1.99745, balances, transfer_keep_alive
2023-04-12, 00:54:30, 17438052-3, 17438052, 0x77e8a5f493f875522624ae24001ad852fa4dd42ba6ff1f6f1f9249b89475cb19, HCu5eXJvBAdXjhbvc1PdRUNvk8P39UNsdoUX3RkLEP1P9Zh, 0xccd6c0837df9e1770fba2bc89e027432ba5dd754c9b79e628e0402ec7401e41e, 1.99798, balances, transfer_keep_alive
2023-04-12, 00:49:36, 17438003-5, 17438003, 0xa3b3f23a527a52a3e199cdcb5b1fcd6f6b8bb672e16619f69ea027b6642a8328, HCu5eXJvBAdXjhbvc1PdRUNvk8P39UNsdoUX3RkLEP1P9Zh, 0xccd6c0837df9e1770fba2bc89e027432ba5dd754c9b79e628e0402ec7401e41e, 1.99851, balances, transfer_keep_alive
2023-04-12, 00:42:54, 17437937-6, 17437937, 0xcf13e6fa3e28b7cbc8029ee0c41ded499db943f03a3f0e29acbd23b7acd25d36, G7UkJAutjbQyZGRiP8z5bBSBPBJ66JbTKAkFDq3cANwENyX, 0xfc06570e7580ead23c127a0429491cf59e481ad4dcb1a53f9992b1d5c4fb4927, 14.70295, balances, transfer_keep_alive
2023-04-12, 00:40:12, 17437910-7, 17437910, 0x82c9a279a9589e83a22b3b27e39a7f0229ce1b591de27b0fb2381f750b9188db, DzpFKenpL2xGW9H2FjNnRP2fBM2CdogpDWoABgYGBWnmhhc, 0xdacaffd725e02163fefdd9d9d5ed4f5ff17e63cf45510691b84062e523de8377, 4.38, balances, transfer_keep_alive
2023-04-12, 00:40:12, 17437910-6, 17437910, 0x8a4484167b6abefe1b83dcb9f3215936d66bf18a9757b848372b86a30760306e, FhoaVRYVFbWGTBQihN6UFPyB4vGXSRsZceTKXyCvwH3L8T4, 0x160663e85425c111c506b9cf270725a9a0af76b064bd2f1b09c1caa8be940c38, 1.0, balances, transfer_keep_alive
2023-04-12, 00:36:06, 17437870-3, 17437870, 0x36ef3a6413e8385a0e9f92b7d06a7fb771127ea01ddff8d4ddb630bf6378d66e, CqTu1Kad1wP5S3QiNyvBqZ5TRqa1haWzCW9oGGqXrEizPDw, 0x8fb4fd62507ad72a7f59d67b4acdd977c29505b428c482aad1deac9bf8aad748, 0.13649, balances, transfer_keep_alive
2023-04-12, 00:24:06, 17437751-2, 17437751, 0x2dc6da8071c45f46bcc7f8d63640d310f62b8a8a6d7a6346bce0a81557d94ba6, FXCD25TRy3yYyYJa6ZrLkWQu2GimfcyoB7sTtoM2EeJxoey, 0x0ee0276cecb7ae2efc4b74e877d525818dd1743ffa06275232b9aec0c4046c55, 15.0, balances, transfer_keep_alive
2023-04-12, 00:17:48, 17437688-2, 17437688, 0x3522766b6ac9fabcbd471e2552c1083d52c23b9c1f4719e7e5b13749ada05354, FSMdmCLv5gFZ87YerB3M8ZSQ58BGHdSnreC4J6znWpqPQK9, 0x5861a41073bf4f2e4e32da3a7fdfb113ca94a591843216cc18af85f239345e14, 3.0, balances, transfer_keep_alive
2023-04-12, 00:14:30, 17437655-2, 17437655, 0x6cd96cc12c9b312a08cf081d223ce4873f6b2954ea1a24f26060355894a71256, Gh2ErFRQCk82vNmyLRxUJzigSgQRvJJJWhGjC3mN14CxNrj, 0xfad8f535139e272ccb9e256f9939fe5a4904ba841a2e0685065150937dbe4a13, 0.02221, balances, transfer_keep_alive
2023-04-12, 00:13:54, 17437649-2, 17437649, 0xbc88aa8af10727668bd213806aaff5a3824c703095f1731dd014a8c4fe03d790, JCJHdp2Nw3LcCJ5cGVBsHzanTrZNaUpTfaCts8FmoNVivF3, 0xfad8f535139e272ccb9e256f9939fe5a4904ba841a2e0685065150937dbe4a13, 0.02221, balances, transfer_keep_alive
2023-04-12, 00:13:18, 17437643-2, 17437643, 0x599c7b42f86be0e01d93c25b2a9ab7f9d2da879567980d43364f1b1feebd7703, FyDjBXbiuepAbcyW11fHSqEcjT6gD6m1Yzw4GEcnMkd4nts, 0xfad8f535139e272ccb9e256f9939fe5a4904ba841a2e0685065150937dbe4a13, 0.02221, balances, transfer_keep_alive
2023-04-12, 00:12:42, 17437637-2, 17437637, 0xfd1faf40217bbd079dd3305881e08aee6cc1bece5c3b0cfb9443a083d22c845e, EcR9SV2514r6hWga7cXrKWqNcUheZAHqHWGKR2KKvKCp6mP, 0xfad8f535139e272ccb9e256f9939fe5a4904ba841a2e0685065150937dbe4a13, 0.02221, balances, transfer_keep_alive
2023-04-12, 00:12:06, 17437631-2, 17437631, 0xa335e8938d4536003eefd9465e56b04c9425483c31da6735d56774315fad5e27, GXDCSoHuirJiMMDXAXDRkE53QDSRYKdcXrzEgcJFoSwFKLj, 0xfad8f535139e272ccb9e256f9939fe5a4904ba841a2e0685065150937dbe4a13, 0.02221, balances, transfer_keep_alive
2023-04-12, 00:11:30, 17437625-2, 17437625, 0x2cc56425dfdb101a1a98fada60623e357c8405dd6a68d58fc4d5bc486b2db775, HWjUV65d1ePfeSCf51Pys4XELH6G5VqFi4YKwuz2e4XESaZ, 0xfad8f535139e272ccb9e256f9939fe5a4904ba841a2e0685065150937dbe4a13, 0.02221, balances, transfer_keep_alive
2023-04-12, 00:10:54, 17437619-2, 17437619, 0x02ce75d2016b68c4c57b4b1088420531b3ddac28789ca0878bcb64b330d63647, HZFxjTEToUfCaoWTNuS63GvFnJ82kA35p9RmdjwhnDqkEPP, 0xfad8f535139e272ccb9e256f9939fe5a4904ba841a2e0685065150937dbe4a13, 0.02221, balances, transfer_keep_alive
2023-04-12, 00:10:18, 17437613-2, 17437613, 0xb8a24e4087842a7ef092716fcac2d7ec093de0f9dbd8e1548f925415257eeff2, HNx46FQEkc6TNDwRv3oWnD1tUjUJP7PnshenbK244RC2PKE, 0xfad8f535139e272ccb9e256f9939fe5a4904ba841a2e0685065150937dbe4a13, 0.02221, balances, transfer_keep_alive
2023-04-12, 00:09:36, 17437606-2, 17437606, 0x8f057e66ea7683f76d412833a1d72c6fb381e5b243b2c6c1ffbf78eeac28c9fa, HL1jV6jeTnjxPhgx5nKQGkdaE4x4GDDtPJ5NdXyHbgy5NPT, 0xfad8f535139e272ccb9e256f9939fe5a4904ba841a2e0685065150937dbe4a13, 0.02221, balances, transfer_keep_alive
2023-04-12, 00:08:54, 17437599-2, 17437599, 0x99af833127ea6ce32c0cb06d08ef26e800ded61a490cd52d5f2adf0ed16fbc05, FZi5qC2a3TYMpPjC5Cmn8C9SxSFif1fLi91yzzXRLMB1EfE, 0xfad8f535139e272ccb9e256f9939fe5a4904ba841a2e0685065150937dbe4a13, 0.02168, balances, transfer_keep_alive
2023-04-12, 00:08:48, 17437598-2, 17437598, 0xda3a9e70eeb1725b48abba91dff4d601ba391afcfc50496597dc2e81ad23781f, CkDZpgnFMcvbQJ7uzyv9wpLfMr747cKtB3gejyqHcFZ7ivg, 0xe5837ba18c94d76d165780873a85da12cd4c7e0715bd9c64370ede7b706041fc, 38.35656, balances, transfer_keep_alive
2023-04-12, 00:08:18, 17437593-2, 17437593, 0x7eead69fc7d086c3aa2278bd160a2d187cf71ad6beea0fcf677c623ca0326385, HhjGnnXEvSNJwqMQ92NooGpfm2DTgnoQRCD6ALg2cvtwYRz, 0xfad8f535139e272ccb9e256f9939fe5a4904ba841a2e0685065150937dbe4a13, 0.02221, balances, transfer_keep_alive
2023-04-12, 00:07:42, 17437587-2, 17437587, 0x355ec8660de9889fbf3a7479cb74d53a2e6fe4da2112859210a9a79a8500e9db, FdENoCNbPFG81eoukXyZooQVdUETe7QTUT7kQZUkS1vwsQ7, 0xfad8f535139e272ccb9e256f9939fe5a4904ba841a2e0685065150937dbe4a13, 0.02221, balances, transfer_keep_alive
2023-04-12, 00:07:00, 17437580-2, 17437580, 0x6a50c92e56f1c8ba2ffafa8acf01050fe812afad83b221ad2336a8d4550b7189, DuCGDDqMAWQKX69JbYgk3uj5KGWAD86nVH4BSsxRjwcHdfk, 0x3aa1797e97134b0381ca01afd0a1d0d2b2407bc3455f62775485a7ffde849725, 0.02221, balances, transfer_keep_alive
2023-04-12, 00:06:18, 17437574-2, 17437574, 0x344198bb64046c333f0be96711bae99d6bd3a39b8714599327c80662e34cd52d, DaQ5tbpRpk7G7Khb5ktA291aUKEypGKDp5r1KoKgvQb9EtP, 0xfad8f535139e272ccb9e256f9939fe5a4904ba841a2e0685065150937dbe4a13, 0.02221, balances, transfer_keep_alive
2023-04-12, 00:05:42, 17437568-2, 17437568, 0xdad609e452ef710c8820e9135b9fbeab815f5fddb776b84e5846330f47923ad0, H7XjD43wEyrC4vBeRURdak4CvsbT3wSLAtcBn5cYtyn1Mvb, 0xc8bea57aa27de69e75d371719068624b2c6dfff15de696ee4b211a6554eeab59, 0.02221, balances, transfer_keep_alive
2023-04-12, 00:05:06, 17437562-2, 17437562, 0xcfbc83736121764593e0c716ca4e1c7218366de8662b56aa59f6b8d6125df506, Cm69wrNpLDPEA7bbEafcvaEsL2vaFcKCCAPdaYdQCWJcYNn, 0xfad8f535139e272ccb9e256f9939fe5a4904ba841a2e0685065150937dbe4a13, 0.02221, balances, transfer_keep_alive
2023-04-12, 00:04:24, 17437555-5, 17437555, 0x3a589225e6595e819ba536a043ee228f8c4872ac3b697800ea85fa68495b3356, HKfrkbqVmmah7W5ksSvLsb8CUuT9Vzbtdb1HxVLduZFuSw8, 0xfad8f535139e272ccb9e256f9939fe5a4904ba841a2e0685065150937dbe4a13, 0.02221, balances, transfer_keep_alive
2023-04-12, 00:03:42, 17437548-2, 17437548, 0x56737c9afc7daf96f4524371c3a2e81b3717bc5e087545bb49c54ea871e95cdd, HcSCX9vSKnY2cMR7fZcVZm6Ff856NKS7Wf39UJY37S84Teh, 0xfad8f535139e272ccb9e256f9939fe5a4904ba841a2e0685065150937dbe4a13, 0.02221, balances, transfer_keep_alive
2023-04-12, 00:02:54, 17437540-4, 17437540, 0x01c6edf5bf35d9c28e67734162d351e8921ab365f81444ffcb3dc2a50c9a5dbb, GtR1tZzsfymUPLX7pFLWwpPHakCCyqipUqNWZRHQC4mKK98, 0xfad8f535139e272ccb9e256f9939fe5a4904ba841a2e0685065150937dbe4a13, 0.02416, balances, transfer_keep_alive
2023-04-12, 00:02:00, 17437531-7, 17437531, 0xa721d46675bc2c72cd662df57a94c692839839bd6ec49d4c00b96a004a6983d8, H4SDpyUht1D5SMCJV7gAx3DRw3fn5KMJfnZEf1hYSxBQafd, 0xfad8f535139e272ccb9e256f9939fe5a4904ba841a2e0685065150937dbe4a13, 0.02021, balances, transfer_keep_alive
2023-04-11, 23:51:30, 17437426-10, 17437426, 0x193967f9565f150b266abd074d11e2c689fa85df805fd77a59bb2c209d8a6a24, FBEhCLzGVUKutsgK8efmZ1BwarcFE9vUr2iSLfhfhqpxj3b, 0x35bc8ed9a9d3382ad1f7ea7371977546de0b4148c282c8d669924e1420d8e857, 1.72946, balances, transfer_keep_alive
2023-04-11, 23:44:12, 17437354-5, 17437354, 0x719850814c5ec336a12772b324b0b11e2a8dbd2fc45a1aaa0aa644b4c6f82eb0, HERTWZK4ZpmuXsEgW3UfL5x27XCdT5fE9x4QRbyNWifafdU, 0xdc46b7f9c2debfe58700f30be615154d6e38f059a682ca0b5049285180675c0d, 2.1, balances, transfer_keep_alive
2023-04-11, 23:33:54, 17437252-3, 17437252, 0x9b7fee9af5bcdf370f09c3af652d2d9747b9afc59fc1e8cb9ce762ee04a2ff1f, J1zMZQEoywtJjDsmQ2A5t558CJZtRpYmRzv7xTmqVAbNcye, 0xf0c10a8058209acf3949c61bc3a9b729969c2351ced1ce5dbcccdc5afa6cff13, 0.0, balances, transfer_keep_alive
2023-04-11, 23:26:42, 17437180-2, 17437180, 0xe51af33582ebed7ff4903082d714338fe73bb6d6208adf92e6348b97b03b7ac7, DbCtQgkSnUVqvSepszsRFWaPWztygtt9KZitqckCKbMRF8v, 0x7ea1dcf47e86aa9b24193156f6d5f713f996b4f7b05121ebc778226798a25067, 2.992, balances, transfer_keep_alive
2023-04-11, 23:25:54, 17437172-2, 17437172, 0x541ff4cdf48c53901f21f1c48282b4fe60db7b1a071b39eff51ddcc81ceebf7d, DbCtQgkSnUVqvSepszsRFWaPWztygtt9KZitqckCKbMRF8v, 0x52659f398c17705033d14b42950667700d2e50dcbf1cad45881fba6934fe1361, 3.74, balances, transfer_keep_alive
2023-04-11, 23:25:06, 17437164-2, 17437164, 0xf5d4c9ab99424ab90776111ec28e3c692c7b84fb4582bca7d1bd250b4f4c718c, DbCtQgkSnUVqvSepszsRFWaPWztygtt9KZitqckCKbMRF8v, 0x58606c9f4b9ef7c03aff00ab7a8b5fe5c04886e5f0e55b60275e024019ff366e, 3.74, balances, transfer_keep_alive
2023-04-11, 23:21:36, 17437130-2, 17437130, 0x418925faeb364c2915d61a4e9fb0830904940f36853ac73d435733bed792963c, DbCtQgkSnUVqvSepszsRFWaPWztygtt9KZitqckCKbMRF8v, 0x12df48fef61f95570afb6a92509f138951d136faf7b99ba5171e0ddf1e19e06c, 3.74, balances, transfer_keep_alive
2023-04-11, 23:17:06, 17437085-2, 17437085, 0x47a6486b609b7e9a015ea3006ff142a73fb9cf4a65a795ff30214e78e4bc6063, HtGZCqz7HFbfF5LNUyqgzhAFZF6okg1LoUt9tDAiguAZjig, 0x02c0740add97f94bd94ef11da9d176db5766ab98dd5b2f526a3b701cb8dc2237, 1.678, balances, transfer_keep_alive
2023-04-11, 23:16:30, 17437079-2, 17437079, 0xb73ab286a7932ac2fc517e16cbec3faa8a8ffcf695008f91ffa90f90a15410af, DbCtQgkSnUVqvSepszsRFWaPWztygtt9KZitqckCKbMRF8v, 0xbceeeed23997617c15d2ccbf5f14196f88c4765152956458ec73b13716ab6b4c, 10.471, balances, transfer_keep_alive
2023-04-11, 23:15:06, 17437065-2, 17437065, 0x3dab8709835fbe631bb2698ecdccb4c811f0449b48f389965e795db2f0276484, DbCtQgkSnUVqvSepszsRFWaPWztygtt9KZitqckCKbMRF8v, 0xd02437b89f58ab571676fed672f8b53b35626f3c993ed7741985e9f0d7cd8704, 3.74, balances, transfer_keep_alive
2023-04-11, 23:13:54, 17437053-3, 17437053, 0x18defae9f991afb5f9daf7f269b7c82a5ad595aa0d23c1e4283a2ef50fc72361, DQXT6kcfitrJDxXXiBEbkymvM6Q3MACC5fYr8RUNhEFAeNA, 0xe5837ba18c94d76d165780873a85da12cd4c7e0715bd9c64370ede7b706041fc, 17.79947, balances, transfer_keep_alive
2023-04-11, 23:13:54, 17437053-2, 17437053, 0x58105a526aabc4979191fa9d4251d2b2002f9ccc2b4a91efa64defc33f636e57, DbCtQgkSnUVqvSepszsRFWaPWztygtt9KZitqckCKbMRF8v, 0x484a68f3a30ab11bfdedb06f43f5bb9aae28c3caf66a67fe408efee66e7df46d, 7.479, balances, transfer_keep_alive
2023-04-11, 23:11:36, 17437030-2, 17437030, 0x449ad213e1efa07e4ce2db31f986ae060a0888eaf90cbdef852b028c4ab1e9b7, DbCtQgkSnUVqvSepszsRFWaPWztygtt9KZitqckCKbMRF8v, 0x9451838c59891cd58256365f2d308e0144ef49acb3cbf5596367c8afaef0db66, 7.479, balances, transfer_keep_alive
2023-04-11, 23:10:30, 17437019-2, 17437019, 0xbec5fa3c07280ffd14446fe8cfb577bc41b64d0cee4696a01b23aa292f26c646, FHuGXsmC2TmeTQojctHGDb3pfEorEk3mwpz4h9d4yqSC1hg, 0x24c3f314174476c4cbfcdd6334f7ce8dfc91fb5e4c8f8d17dc90fca8007d4930, 17.8, balances, transfer_keep_alive
2023-04-11, 23:09:54, 17437013-2, 17437013, 0x258344eb48fd8b8fc18bd68f092bec1a498d3f865e52769938f72889b9451cfb, Fhy536k2oPucs6PZ9ULHVTzpowHdw3LLZTdePfef6V5cBQo, 0x782f24d70fab1a703dba41138c649e5c42e0620a8ffab35f63893b1ce2b95b36, 17.849, balances, transfer_keep_alive
2023-04-11, 23:09:42, 17437011-2, 17437011, 0xad2cd7e4a0be04e4ba29c6b2d5fb6002b9ef26db71bc09f5d2f7b9ad1efe9d5a, HtGZCqz7HFbfF5LNUyqgzhAFZF6okg1LoUt9tDAiguAZjig, 0xeadd9d4f686030120d13f289e93e0f633c6ccc854571fe0cdf36016fd2740eee, 1.679, balances, transfer_keep_alive
2023-04-11, 22:50:06, 17436815-3, 17436815, 0x8f1e96966847bfe29dff25449e6e86f710f27d00c27ed90e5e4ea3da476329ea, Gd1aFbivBHfn5a6WGJzwhMYywqjgUvarkjg2rs3bdj9yZG5, 0x64371aa71a1f0a184ac0f57394fa1e37aea2a3d6677bb62bed892b19ec88d59b, 1.3, balances, transfer_keep_alive
2023-04-11, 22:42:12, 17436737-2, 17436737, 0xb5a84c0dcb0041a611e348ac7d909c1af5a47820e255d2b04cd61c03f6bf553a, FSmL26UWX71mNv2ZYYmjoRXLGQdNiauWT4eVgner6bG6JoH, 0xe0ac857c06fd7618a578b80147f9a973bffdc166dc42599763d881d238da0e12, 17.5, balances, transfer_keep_alive
2023-04-11, 22:41:06, 17436726-3, 17436726, 0x21565e717789475de68976b16f6dc089e98f1a21b675ef62e39814f0e7b2e230, Gd1aFbivBHfn5a6WGJzwhMYywqjgUvarkjg2rs3bdj9yZG5, 0x64371aa71a1f0a184ac0f57394fa1e37aea2a3d6677bb62bed892b19ec88d59b, 0.2, balances, transfer_keep_alive
2023-04-11, 22:39:36, 17436711-3, 17436711, 0x534a31a616495dbb26fdd2a927c25fec73e5c2bc9356f2d8913569fe58509870, HqRcfhH8VXMhuCk5JXe28WMgDDuW9MVDVNofe1nnTcefVZn, 0xf28379666ec8654ace47e3a69466c087e0cf2af0149537134020c564ba66912a, 0.3, balances, transfer_keep_alive
2023-04-11, 22:39:06, 17436706-4, 17436706, 0xa87064d9f7ebe8e25d08dc18aaaf75f24294a8fafeb502155bd6e579f8ecfe5b, HqRcfhH8VXMhuCk5JXe28WMgDDuW9MVDVNofe1nnTcefVZn, 0x8c7b9d487dfeb22625734a989e4ec30a1da28744764a0fe7029b276efda12d39, 0.3, balances, transfer_keep_alive
2023-04-11, 22:27:36, 17436592-2, 17436592, 0x4d7ba6f09039f748b8134d24f75138ce57a7cdd0491c5c35645da8d686a3d2d5, Fpk8XEXTzd3inMNDtPKDdV6y1VLYmFT3TEkPGDBDxYxu1zk, 0xf466425403b4c4d29f4401a98cf5c5e6ff296e48d88cd5b7f1408924ac670239, 1.19937, balances, transfer_keep_alive
2023-04-11, 22:22:42, 17436543-2, 17436543, 0xc60f476748c5d39abe1c29f329db34b2f33b191fceb7a37cbeddcaafd58a841a, DzL3DXWkgsb5JrwJDvmSAdRMThXpDp68ttyhLWgDUqB5Xtv, 0x87c1eb5bb8b6ccfc0ea9579a982c0e83c9ca41aa8c3c5e22a9cc27b3ad283eb3, 1.5, balances, transfer_keep_alive
2023-04-11, 22:14:12, 17436458-2, 17436458, 0xb6d60f2d94b1e46a64c4ff21f82099a8a3448efe7c4d32b7379a337557412d95, G7UkJAutjbQyZGRiP8z5bBSBPBJ66JbTKAkFDq3cANwENyX, 0x0dd4005f573d74cb743c6d86d06422015770ff47e4757eaf9bab2d883c8e4db2, 0.47659, balances, transfer_keep_alive
2023-04-11, 22:13:12, 17436448-2, 17436448, 0x81feef15b0f93398b853d18d3a60c994a4056bd15058126303e8f52f37b78497, FwZcaqeZzXbEwzZy8Fv7xHB4SeAZryDZ35pFZ2bCGvvkb16, 0xc458c85a4fac6d50a20b71c67e9b3908bcaa2143d4c5a0ce12e2f3c1e97fd40d, 0.39693, balances, transfer_keep_alive
2023-04-11, 22:11:36, 17436433-2, 17436433, 0xb3ea18b4fd83fc9a7ba8a5c8fa9a31d15934a2d64f27ffb8918d17790d465683, EJpoq3nWwZ1gmUAq3ndmjXdSrK7Ds514pqbpU1tZeuywD6m, 0x68be689b3ea06a67652b454914aaa02b25164e320774b19b917f3517dcf7db0e, 5.9, balances, transfer_keep_alive
2023-04-11, 22:10:18, 17436420-2, 17436420, 0x3b0b366660acd5ea9cf561a5b91aafc1edeef33edcc6736fd943cc431f3820a3, EJpoq3nWwZ1gmUAq3ndmjXdSrK7Ds514pqbpU1tZeuywD6m, 0x68be689b3ea06a67652b454914aaa02b25164e320774b19b917f3517dcf7db0e, 1.0, balances, transfer_keep_alive
2023-04-11, 22:07:30, 17436392-2, 17436392, 0x1e64dc853e9e14767bfb0ddc62dc35ee379f767f2e5a64cacb827a7d5448ea6f, G7UkJAutjbQyZGRiP8z5bBSBPBJ66JbTKAkFDq3cANwENyX, 0xe89dc0fac53a0f1cad697b358d8f6ae53b1cdc92d26af9babeb3ae259aae857c, 47.03012, balances, transfer_keep_alive
2023-04-11, 22:05:18, 17436370-3, 17436370, 0xc87fd046edc14b78738f5731bb65a752e1f073aaac6169881b9571860f747eab, Djq1YPbDBGtTgCqynimBECRXEgXAXiJ6MfWp6qVnfbztUdb, 0x9c786090e2598ae884ff9d1f01d6a1a9baf13a9e61f73633a8928f4d80bf7dfe, 11.9849, balances, transfer_keep_alive
2023-04-11, 22:04:24, 17436361-3, 17436361, 0x4a2e66ee08aa3c13b3792d0314d68599eae7b2e6cee9968b1f6b50d82a526f52, EzFLUTJycjsfVJ9s8UvfFmhkBxTtGcb17kVWD6ZkCYGmDLA, 0x337cb8e44b6421ad0f26d0c9148bb7dfbff247aef8ed64b91271b146699daca2, 12.0, balances, transfer_keep_alive
2023-04-11, 21:52:12, 17436239-5, 17436239, 0x05087ad48e71e189c6cffd73ce9a102d7b6340c8c984818f5833374779580792, G7UkJAutjbQyZGRiP8z5bBSBPBJ66JbTKAkFDq3cANwENyX, 0xe89dc0fac53a0f1cad697b358d8f6ae53b1cdc92d26af9babeb3ae259aae857c, 2.0, balances, transfer_keep_alive
2023-04-11, 21:51:30, 17436232-4, 17436232, 0x14ab9c3a35221437b561a83b559a6a5ac6d38ba9b0e1eca8164e37643baa11ed, HzLUbiCkCGN5MocNCBRzQ8THeX6ZQiWGYKDihGSeUeuT44G, 0xf4449f6cc2a0aec7bf9550d020e6d199bb71d5a1757e727de5b0cfbb928dde11, 45.34831, balances, transfer_keep_alive
2023-04-11, 21:50:06, 17436218-2, 17436218, 0x31146c286358a025c957aa04ae3dda419f7ffea8747d81df52ed768ea03d4606, D37zv5UUquYyofuVvaZLwLZgCmURBn6C6WEGwEtW7XzU3jF, 0x5d9aadc2fa4cd60e18620b17f0d05891160d38e5a8970d8b2080576f8a64f802, 0.1, balances, transfer_keep_alive
2023-04-11, 21:49:48, 17436215-2, 17436215, 0xc3ac0231a3bfd3fba71f05011af432b595730a4524c5bc84fca422403cfd55c7, GeZSYJwTsKYY4jWecSwqYZA81uiiadRPhyYipDHwENySPHf, 0x78731de6e70b22ed9aadf7915f064817c3b2fb832bb1b46095580239b2c0b216, 3.9, balances, transfer_keep_alive
2023-04-11, 21:45:42, 17436174-5, 17436174, 0x3a218aa7819a2897f5bec2b96ebc1d83b2e132a9529c1ae63d7c9ff957fe5e37, GeZSYJwTsKYY4jWecSwqYZA81uiiadRPhyYipDHwENySPHf, 0x78731de6e70b22ed9aadf7915f064817c3b2fb832bb1b46095580239b2c0b216, 0.1, balances, transfer_keep_alive
2023-04-11, 21:41:18, 17436130-5, 17436130, 0x3a21fe35accc28ec56d27c2753e6f7777cb10dffa4cba2e8c436ef169222b4c2, CdXjHtV6A12Uc1bqEZkwRzCq5gj8pcJATh87BTfphHCWQuv, 0x003ae349c6c410cf0f40b47a9e066d432e00f68e17eff4d8c4f671d5020d2363, 45.0, balances, transfer_keep_alive
2023-04-11, 21:36:48, 17436086-4, 17436086, 0xbb621d2cdb998d53618465d4e50e15da0170ad158f2e58151b03342c41d7228c, CdXjHtV6A12Uc1bqEZkwRzCq5gj8pcJATh87BTfphHCWQuv, 0x003ae349c6c410cf0f40b47a9e066d432e00f68e17eff4d8c4f671d5020d2363, 1.0, balances, transfer_keep_alive
2023-04-11, 21:35:30, 17436073-5, 17436073, 0x1e933280225236e988dd15356008f7188d319f5645c48b9e49541267cf80bcf0, Hc9ZwHUPM5GSkBtFGgcdii9p2JoWTyKGVWZETs2Da18zcmB, 0x0dc9b2fc947237261ac7da0ffcf551e70e5ea978ec2672f6969985ca80b94cad, 1.029, balances, transfer_keep_alive
2023-04-11, 21:35:18, 17436071-3, 17436071, 0x200a77a64de372efae7a216e2252f56e68773109549c14724d198bccf3fe11c1, HhvHPzQjAV6RQdx1h7XKL86nB7MJ8Z6MqPYa2rLssft2ovX, 0x9c786090e2598ae884ff9d1f01d6a1a9baf13a9e61f73633a8928f4d80bf7dfe, 2.99947, balances, transfer_keep_alive
2023-04-11, 21:30:36, 17436024-2, 17436024, 0x9d1eadc63212e5307fa5b8a2c134868657c5fea044aa2d602edf5e1a785375e2, CxqEh4AAoFNQVphdxegsLBagAGs4kXNrdH5p3dGxSFvq5tV, 0xe2f8eabe4b5746751ac2306ff9b7ecedc3e249c96988cac7eee6f2e9fe0c00c9, 3.0, balances, transfer_keep_alive
2023-04-11, 21:29:36, 17436014-2, 17436014, 0x040ab99f0943efa10d736d0eb856efac0e8392b62dbc11f74316d270606bfe99, GeZSYJwTsKYY4jWecSwqYZA81uiiadRPhyYipDHwENySPHf, 0xb42cc9225d0c0fea1c1e14795ff3b59e988f0e53e86ba2828bf0b2d13476485f, 0.1, balances, transfer_keep_alive
2023-04-11, 21:26:48, 17435986-2, 17435986, 0x75e9805c4ecbde7924d3393e12349e0e0109b62cc761198b7fdae3911a4b9bf1, GeZSYJwTsKYY4jWecSwqYZA81uiiadRPhyYipDHwENySPHf, 0xb42cc9225d0c0fea1c1e14795ff3b59e988f0e53e86ba2828bf0b2d13476485f, 0.1, balances, transfer_keep_alive
2023-04-11, 21:22:12, 17435940-2, 17435940, 0x2c52e1d429964f104c5d0b430c97f9d5b011689a1c7c3ac6eb70a3b422224ecc, HhSnP6pab7hXiGSDN6vEApQDV7tkpo5Fy9HvEyEyUp1ppvz, 0xa016dc8a04fea444c0b0098a7cbb55c018fbfaaa676bb8d9d5172b4fa5ff5261, 15.0, balances, transfer_keep_alive
2023-04-11, 21:20:18, 17435921-2, 17435921, 0xa06f4dcdcf88beda35c58dcf3fd2f26abcf9b9cda3d5d5e657e361da3ad30fec, HAo1zLmFByU7Bqf5uZWZktoNxS6R92arbFK1y2Bmfoo3ZKz, 0x9c786090e2598ae884ff9d1f01d6a1a9baf13a9e61f73633a8928f4d80bf7dfe, 1310.28947, balances, transfer_keep_alive
2023-04-11, 21:15:12, 17435870-3, 17435870, 0x52799f3a54f1262c7b93a1b85445ff9636b359fb716d22a5fbd3c7ca044b0f06, CmWzMp9is3LgQFWY6qtvkEUft57NXVVbXxKxarHjxPCrTtu, 0xdc6e176a211825337046ba841c1ee1593e137c71bc9743c74e553cd5d5df4a26, 2.6, balances, transfer_keep_alive
2023-04-11, 21:10:18, 17435821-2, 17435821, 0x1bf6f62655369ec78f3f6a5a4e4f63b182be5d6348efd6fdd96ebf4819ff19ac, Gv8oDnAaPXYz2mbuAMWLYapWQk3NZtf8irvWhJVxVqLgXUA, 0x9c786090e2598ae884ff9d1f01d6a1a9baf13a9e61f73633a8928f4d80bf7dfe, 20.9849, balances, transfer_keep_alive
2023-04-11, 21:09:42, 17435815-2, 17435815, 0xaeaff7e6574c907114e62eb40dc107a77a5b23779dc4bdf847d9227ad2c54eef, GCXJZdZNSCJFLgchyJeZdPcuwuntN3c9SXgJVT2FrbL7bZ5, 0x40d1c7929a103e88681731f954862765bb66d96c36e22f82a35fe75cf7a72c20, 1.0, balances, transfer_keep_alive
2023-04-11, 21:02:48, 17435746-4, 17435746, 0x618dfebcffa77e5aedaa723bcfc63f08f54aa8bfc449e5eb69f90931db97c1f5, EkdqWM2VJdSSh7GGsNSCRYdo1N3hY3sRsQmPS3c53nvA7KJ, 0x0e03629a639c8c129dee1a71a922335b96100b4a36b43330656e812d277c7984, 2.92, balances, transfer_keep_alive
2023-04-11, 21:01:30, 17435733-4, 17435733, 0x433ffcb0922eafd859662410b31cede935fd39f5e42b57ec7a1d2267866bc22d, GC9UuabKi8XaVaTi1NEwLbDR1GHMxD4coZoJ5gBnNKhvhqZ, 0x1acb40ee91fa1cd9d42c6ddaf1f95e05ca77ccb25f19340ab51cee03b9234e7d, 1.04753, balances, transfer_keep_alive
2023-04-11, 21:00:00, 17435718-6, 17435718, 0xbfa5aae4eeb5aa50173eab0f81907010f090a1bdb034480c077c202dd7357a7f, ECcGbyUk8ABd946MPyazi6LgidYjgbSyx1Zw4gKk5eecr2N, 0x1c4b90ffb9488b2ac42471121f2b3bd135ba2283c3b56e9f2f6c282f65976d42, 0.035, balances, transfer_keep_alive
2023-04-11, 20:57:42, 17435695-4, 17435695, 0xf82671882d56411cc770748a921088022456508740fd1ad2a9ac889a6625c2ed, GTxaUPxofYj1jyNHLjctAXFY12NFKyvsRNY9hyJgNPqsQhK, 0xec4242f9a1a43758a4f727d38fcde94270573cf5c64ab0edfaa73ee427741d52, 22.0, balances, transfer_keep_alive
2023-04-11, 20:57:18, 17435691-5, 17435691, 0x623ae507617038855574d02b89c44f16e6ca7a1082391a1168eb68987cc42131, G7UkJAutjbQyZGRiP8z5bBSBPBJ66JbTKAkFDq3cANwENyX, 0xee5bf25e499615443f98503161ce64d2701cd4df96ac1c710bc8dcbb68c88c10, 499.99132, balances, transfer_keep_alive
2023-04-11, 20:53:06, 17435649-4, 17435649, 0xd5110b701d8a229efbe194f2c9e5250103f255c296b67156900b0efb00f924b0, FoXungwCxMcezShqSkN9PX2ayXYow2DaqFL96GKW27s3iNi, 0xacadf667910016df8e8106e8fd65f82aab71c2bd8f00fde9dcc0605c2ca6b618, 1.64, balances, transfer_keep_alive
2023-04-11, 20:23:24, 17435352-2, 17435352, 0x05a2bdeea25f20713f4ba7e1fa1068bfb70bee21f324d472500724f107173cfe, DEh3RqXiqX98FgWWJtiEgf7FL9mBNiMHc6itT97fxwc8YhT, 0x29cf7835b61824f474590f978c7cd4dde2f5a5733be50f2b33ab0918547a4f31, 0.1, balances, transfer_keep_alive
2023-04-11, 20:20:48, 17435326-2, 17435326, 0x329c1382bdbd24c0f6ca3176255d5978095c3c4e6c882ff23242310b26762989, G7UkJAutjbQyZGRiP8z5bBSBPBJ66JbTKAkFDq3cANwENyX, 0xcc31ea4e9499e5c9515c70ad2dd51d0a4bcba4ded480eeeb82742c21442953c1, 478.984, balances, transfer_keep_alive
2023-04-11, 20:16:00, 17435278-2, 17435278, 0xdaf3018acade21096d3853ea684bbe3415f106ff6952dc8f552be208bf915615, G7UkJAutjbQyZGRiP8z5bBSBPBJ66JbTKAkFDq3cANwENyX, 0xcc31ea4e9499e5c9515c70ad2dd51d0a4bcba4ded480eeeb82742c21442953c1, 1.0, balances, transfer_keep_alive
2023-04-11, 20:15:00, 17435268-2, 17435268, 0x307a6798dcc8d1979877e67257fe2df6c42bb95eec8362229b10de84cab14838, Dnn4xiYdgz3bdRWQaUsvX5noNpcUwmqomKgHg8xzZL1vzfq, 0xccdb13d4ad5be1d43e24135e0eaf665cf8d286c3443463db1398b59124f041c2, 1.47032, balances, transfer_keep_alive
2023-04-11, 20:13:24, 17435252-2, 17435252, 0x37d3b9ad91352a14e59facbc3bd211237fce77b32e5be9e17e3798af8539383e, HmFYPT1btmi1T9qqs5WtuNJK93yNdnjjhReZh6emgNQvCHa, 0xccdb13d4ad5be1d43e24135e0eaf665cf8d286c3443463db1398b59124f041c2, 1.52287, balances, transfer_keep_alive
2023-04-11, 19:42:00, 17434940-4, 17434940, 0x1b3994cc53415fbbc6522672ad8ac1786f614e3055e727bc60debb8b2d70139c, FoXungwCxMcezShqSkN9PX2ayXYow2DaqFL96GKW27s3iNi, 0xacadf667910016df8e8106e8fd65f82aab71c2bd8f00fde9dcc0605c2ca6b618, 1.13, balances, transfer_keep_alive
2023-04-11, 19:36:12, 17434882-2, 17434882, 0xc5f62449cf6a83ba134d7d0d2abef65d36488e12a088c8dac870877fac32fd14, Dcesj4UD1SRY7ZQLNC5RT4PbfySyotR6qqxw8akjpTbDL6t, 0xce264cdfb8d3092a976df3b3bb45b0f969ffbddf35d5dde9f078a62b22697e04, 23.45947, balances, transfer_keep_alive
2023-04-11, 18:49:18, 17434417-7, 17434417, 0xae55f85d35a2b1ec0fe397b6026febb94238b241989437e8a8fb5a554128171e, ErS1cmbhk7GV7gdcr6hBY6uziuknonEyp7wdavkhst1vYyd, 0x2e03e34468b88944adca24411ebed4494607472d6511101ec48ba903afc56439, 23.46, balances, transfer_keep_alive
2023-04-11, 18:46:12, 17434386-3, 17434386, 0x626d75d8e11defe833471cdf01b390a569ed2bac67f7d89d142e40fce8347c08, G7UkJAutjbQyZGRiP8z5bBSBPBJ66JbTKAkFDq3cANwENyX, 0x2305974c807f718576a6e4102d889f84739290f17e77bba4abcfa8c5f2098106, 1.0, balances, transfer_keep_alive
2023-04-11, 18:36:42, 17434291-4, 17434291, 0x4c45c5bd9493e319de876a6d475c20c1b5ca061a96bfe4699d1407c5caddfee5, J23ttBuqmYW7iHBoExsSvXPU6w8poCKXDVFuLkWYYFGbbFa, 0x6a42eb9ff491891792c45674d82f07f0e3eaf3dcd416b39262d4aae20a8dc92c, 30.0, balances, transfer_keep_alive
2023-04-11, 18:26:06, 17434188-2, 17434188, 0xca6a299b371b8b262d35dd8acc1395d13f139047d5803ce2f37e94b81579e23c, Gnz7jJmnjv5iRYPV2QzFE8uKkG6TTrUQE7YqfhvKLbiBjjY, 0xae74299b4269f9fbbdc349e68976e1b8ccd206434c0fc0dfb6340fc84fc37c1c, 13.5, balances, transfer_keep_alive
2023-04-11, 18:23:48, 17434165-2, 17434165, 0x959997d40edfe20499c38d2feea0c97d839fe6e01b4441231e223aba4c78d1eb, GC9UuabKi8XaVaTi1NEwLbDR1GHMxD4coZoJ5gBnNKhvhqZ, 0x4292e194cf496510871f90cc52a8bd02a67f18d82123dc5660dc067fe6ba1632, 1.47601, balances, transfer_keep_alive
2023-04-11, 18:17:48, 17434105-2, 17434105, 0xa6c7048fe10d14a54956b694dbc2bc7059393eb50770c4ae32c4da68a6525079, H34JvxPEL4aQoLD8HXNxEv8f4rjgcji5KhWvqPTnJeJ246j, 0xd699601793715515c986dcf574f8e2ffd476c6658610d22a834a14b536ff2a55, 0.00066, balances, transfer_keep_alive
2023-04-11, 18:03:00, 17433957-5, 17433957, 0x86501099a2b6c4ca98f931af160a6445adc00a97d655451a270e8b233cea0ab8, DtSNpXpt1FmGfz6eB5HPXpDSeynFvdP6sp9T3Gx3ifHBZWy, 0xfee9f669389492dfae82793950c512cd963523244f8f27e83a61fa0792c6fd59, 1.0, balances, transfer_keep_alive
2023-04-11, 17:52:54, 17433857-6, 17433857, 0x6b2eb170615314a6b499fc29b1cc4b5a172b7c936272f15f1617f67fb00c656a, HA55w5iRpjiJnVvx2pSsojZRRpa2eMkMMrh6Kaq8jYhoQjZ, 0xefae408cde2f9f537cbf267e6e9c7c5dd560281caeaf66e278156a5325af3eda, 10.0, balances, transfer_keep_alive
2023-04-11, 17:52:42, 17433855-7, 17433855, 0x13d8b15ca1d6811e74bb333bd6a44d069ecc0a8a1d5a29ddd10853f91503e10b, GFLdqBZKfPfbpbVB8rAc8tqqWSKpKHskkGHPGAgQ4atRkJ7, 0x70617261d4070000000000000000000000000000000000000000000000000000, 20.0, balances, transfer_keep_alive
2023-04-11, 17:48:18, 17433811-4, 17433811, 0xcef238004b0bc53d34a6bcf4db597aa32c820c5a1f7a9dbaa3e22565b77c6d2a, GaFc88QQ645wTASChJFtRrkEsUw4YMKMskEdBMsnVkGtqsr, 0x35bc8ed9a9d3382ad1f7ea7371977546de0b4148c282c8d669924e1420d8e857, 1117.45782, balances, transfer_keep_alive
2023-04-11, 17:46:48, 17433796-4, 17433796, 0x1faab0ba058dcc8568aac14db1c60be53f6d0c8c1a6b2918e3034c34e1738dde, DtSNpXpt1FmGfz6eB5HPXpDSeynFvdP6sp9T3Gx3ifHBZWy, 0x3a0dbdaf58f5ac52677baa44c38aac74a779815bbdd8f09baa9d492f73062b6e, 1.09842, balances, transfer_keep_alive
2023-04-11, 17:46:06, 17433789-2, 17433789, 0x4087f6c4a3d51166e58c17c073b8bff98c52bbced88d5bce04aa03a867d6a0c9, DtSNpXpt1FmGfz6eB5HPXpDSeynFvdP6sp9T3Gx3ifHBZWy, 0x3a0dbdaf58f5ac52677baa44c38aac74a779815bbdd8f09baa9d492f73062b6e, 1.09894, balances, transfer_keep_alive
2023-04-11, 17:45:12, 17433780-4, 17433780, 0xbac565d4ca1223d44076b7f7e2291f29870a2138a5c131a6fb2d125240bde4ea, D5Aygo9qrbsZucAoAeNsfp2GHxC27gYsVti8yxbot46y6jg, 0x296f80858558d00248d6fec9ba2b4a8fdf700d0ca1220da3cc0e6805a6fd5ff6, 12.0, balances, transfer_keep_alive
2023-04-11, 17:44:54, 17433777-4, 17433777, 0x7c7b150bc8df156943ff1620e9afeaf71a18682270128e29e723b8a3baea6751, HEcm1Y7gSPStrk4LZJmc9dZCuoX4XAKmoGPPymt95CBiCqr, 0xb0e3c450f2d462fe3dc1d41bbc8fbd4fff8328693b86550752d186ef190ba509, 1117.45835, balances, transfer_keep_alive
2023-04-11, 17:44:12, 17433770-4, 17433770, 0x96b2aad2f622a6870e60a680f643456932a0b982c865b873e6f8a647e8747909, Dsz6XWXLxJgE8vTwU84xp3MUZrpwxynadYLrpKLJfYJRouD, 0x79b6c9036d680d29ab27aad32ccf23bcf21afaf98489ebae97ac48c0bc015eff, 984.97934, balances, transfer_keep_alive
