3963588-4, 0x0a6e57652cefd1cb2862b5fcf76c58be673cc4aa, 0xdf6126a28e6c7c80a9687880b6146b3c87acc010a542d1c945cb1cf45dcef12f, 3963588, 1.2, 2023-04-04 16:31:18, balances, transfer_keep_alive
3962646-4, 0x613adcf87238f87ef09d400203b880b712bd2311, 0xc9437c7308539fd193f023f6925dfd5c71b6f0258f8ecd53958c805868c8b499, 3962646, 150.0, 2023-04-04 13:12:24, balances, transfer_keep_alive
3956734-4, 0xc35816c8e615f49254bcf44bcede94efdaf43b1b, 0x7800c2de3b4c66088931a9bd6eb0fe891d80d255da3b6fb74e341b3331749c8d, 3956734, 2.18, 2023-04-03 16:25:36, balances, transfer_keep_alive
3956350-4, 0x0a6e57652cefd1cb2862b5fcf76c58be673cc4aa, 0xd9bda36c6a9c7f41946b8a4a962b85ad965b90cf98b5f1db45c24499dec54444, 3956350, 2.85, 2023-04-03 15:05:06, balances, transfer_keep_alive
3955681-4, 0x37006dd9d226425c901c5d7f9434c2fb8ac3f533, 0xd9eda6de681d3098926250887573285ac27b1f5458a39a3fcdf1cc1830d11934, 3955681, 15.0, 2023-04-03 12:47:12, balances, transfer_keep_alive
3953911-4, 0x2140177263eed40b40f8d33916f04cbd9a7af915, 0xcffb38b504b8296303984af01751d24d2b01f76fd284922bd2abe40178e0471a, 3953911, 9.0, 2023-04-03 06:41:30, balances, transfer_keep_alive
3953259-4, 0xb7ab89933d2f16e6d183aadcc5032ba17d6a5aec, 0xc30c2248a91e19dc7a8be661438b4eed9d112c57f0755e65abb154bfa5a84228, 3953259, 134.34, 2023-04-03 04:27:30, balances, transfer_keep_alive
3949313-4, 0x2128676e633fc13db48f1dea73a006005f4ab772, 0x2c876193b3c1b0db1b08d7a154a4d55c0d72fb4cfa50738a7ff1b4529d950299, 3949313, 125.0, 2023-04-02 14:51:00, balances, transfer_keep_alive
3949309-4, 0x482bdba451e2be5ee2f7b6081770a5473445eb68, 0xd9ad41a273ca2c134cb6d92e55c71dadaf6a50bcf896955e22256e0a1e3318f1, 3949309, 121.0, 2023-04-02 14:50:12, balances, transfer_keep_alive
3945945-4, 0x872def818fe02eb8280282025214554037c201db, 0x3e617fab8586cb5c5813b82eb787d4bc3e1c5fd69bb6174751f1ed77f701c848, 3945945, 3.77, 2023-04-02 03:17:24, balances, transfer_keep_alive
3945944-4, 0x010202a6f849e42b6f9613279e2df840ce5fc788, 0xc900f83954727fde5851a58350b690aa194b05fc7d86e6bbf35393465054f3c1, 3945944, 11.0, 2023-04-02 03:17:13, balances, transfer_keep_alive
3945943-4, 0x872def818fe02eb8280282025214554037c201db, 0xbbb12fe792e3410ba0a3eb0349fca79a6e2287bb70e2ad8dc460657de7d921e8, 3945943, 50.0, 2023-04-02 03:17:00, balances, transfer_keep_alive
3945941-4, 0x872def818fe02eb8280282025214554037c201db, 0x82cbc9ad4fd90d897afb569fdc405e39c08412c0d895c42693c8d5bcf57f40dc, 3945941, 64.77, 2023-04-02 03:16:36, balances, transfer_keep_alive
3945938-4, 0x010202a6f849e42b6f9613279e2df840ce5fc788, 0xb1be8dd0d50b2b4fe2eae20910f4dc9707ab39e0d54a3f3bedb8270ad790128e, 3945938, 64.77, 2023-04-02 03:16:00, balances, transfer_keep_alive
3945936-4, 0x010202a6f849e42b6f9613279e2df840ce5fc788, 0x948edfdb7687ed5ddea27a4fb3094e2d9488306106715f30b493107015816dc0, 3945936, 64.77, 2023-04-02 03:15:36, balances, transfer_keep_alive
3945925-4, 0x3efc795c754c9d7c89a4a36ae6bddea610f49a23, 0xde78cf139c366c8c2190e8bcde345701dd869bf545a3113beb919530b57c3eac, 3945925, 15.0, 2023-04-02 03:13:24, balances, transfer_keep_alive
3944119-4, 0xc35816c8e615f49254bcf44bcede94efdaf43b1b, 0xc437ad91e2a693058042096a34d805214a5acfecd6b0374c8806dffd48bc9ced, 3944119, 5.5, 2023-04-01 21:02:24, balances, transfer_keep_alive
3944055-4, 0x0a6e57652cefd1cb2862b5fcf76c58be673cc4aa, 0xb5de566573876d00cbfbf2516bbd87b435d6dc9538b41094bebcccc90b7ef98d, 3944055, 4.1, 2023-04-01 20:49:24, balances, transfer_keep_alive
3943539-4, 0xc930f6ed873fbda75614c1325f92bdaa19e4a4eb, 0xd6a03410e88e584d365259fabbb86139312b4e768acf4638467b54ab9517fc90, 3943539, 60.0, 2023-04-01 19:03:36, balances, transfer_keep_alive
3943173-4, 0x61f165949aca5c2434842a99b2a4b0b81fa9aaaf, 0x574ff310f22470c1fceedbb33a1dae6d099a71d30965f8b1e843117483d61966, 3943173, 120.0, 2023-04-01 17:47:30, balances, transfer_keep_alive
3943169-4, 0x4657fc6fca8260cd13d27f93cfb991d4a5fe6432, 0x16b0e1d16b356b0a15a761ae4e71a8f73e26fa703a19dc6ce7b83005c5da4196, 3943169, 130.0, 2023-04-01 17:46:42, balances, transfer_keep_alive
3943166-4, 0xcc96643b58a488bab79c9acdd84b8f54b8e8eee2, 0xfe03e7d2588ea45facaca2699a3f98c2563936812ca91b135c0ca15bc3f35872, 3943166, 130.0, 2023-04-01 17:46:06, balances, transfer_keep_alive
3943153-4, 0x1909cf130ef87b4b7efba00faf82031406d4f471, 0xeeaf34580ccace9aec8965140c820cf80bad9274552c8adb941004c4c28523e9, 3943153, 140.0, 2023-04-01 17:43:24, balances, transfer_keep_alive
3943150-4, 0xdeb69be9dc2f977fcb1d3672ae544d943a7c5342, 0x9bfc77394fff2f21b1c4e487c8bdd7679c7103a012f8ddb782191cbe101f0ed7, 3943150, 130.0, 2023-04-01 17:42:48, balances, transfer_keep_alive
3938545-4, 0x6e2179c27e6215a0f4030f72695afd3963c58cb4, 0x8ab8f6a674df21bc47191bee46e71d8721d53cbcf4f6fbd4fb49fa11d199caf2, 3938545, 109.0, 2023-04-01 01:52:48, balances, transfer_keep_alive
3938439-4, 0x2140177263eed40b40f8d33916f04cbd9a7af915, 0x2d84a34472f1ffc152ec40631e53b1aab7c69d378b25f4f5ee50bced4b24f9f6, 3938439, 4.0, 2023-04-01 01:31:00, balances, transfer_keep_alive
3931769-4, 0x2140177263eed40b40f8d33916f04cbd9a7af915, 0x4e63a4efe7cee0de2a7c96152d6845903646bc99811d1719b3e0279b8e938716, 3931769, 8.0, 2023-03-31 02:32:54, balances, transfer_keep_alive
3929772-4, 0x37006dd9d226425c901c5d7f9434c2fb8ac3f533, 0xd22ef1896977d34d20f30018be484d0725eb628a4979ef62ea038fa35ddfd59d, 3929772, 20.0, 2023-03-30 19:38:42, balances, transfer_keep_alive
3929049-4, 0xa6f71753f6fc8ea396c5f87085f8db51dd740f18, 0x0fd724aa9a3b4bb17dbe750396a1f3ea6802e7286fd5e1dca4380918fd32d2bb, 3929049, 10.0, 2023-03-30 17:09:24, balances, transfer_keep_alive
3924677-4, 0x9437afd55628f8eccc27d24df01f7a6316c1877a, 0x9ea50543a46288298564e464c21bdccd819f757b300f0fdf8b404ee883804aad, 3924677, 28.8, 2023-03-30 02:08:06, balances, transfer_keep_alive
3923580-4, 0x59fe59853fd70fb7991585165165a0fd004bb98e, 0x8661e446bc73bf3c6dd7864a07b85ebfe14b8b5de7a901703dd8c08e7257921b, 3923580, 10.1, 2023-03-29 22:23:12, balances, transfer_keep_alive
3922509-4, 0x0a6e57652cefd1cb2862b5fcf76c58be673cc4aa, 0x3b4d628b3c0d71637df15635d59f9ee4134a2d4c9a18a18d3449d143955a7ac3, 3922509, 0.85, 2023-03-29 18:43:48, balances, transfer_keep_alive
3919105-4, 0x2140177263eed40b40f8d33916f04cbd9a7af915, 0x0cbbc05625d01a027b751827d0e3c6af8bd297cd12f59bbb4a9527f836e50f53, 3919105, 7.5, 2023-03-29 07:04:18, balances, transfer_keep_alive
3917521-4, 0x3efc795c754c9d7c89a4a36ae6bddea610f49a23, 0x39f4353433e786d39606049bac9ec0a77d0a89b7a0d4a14ed83991114d7cff3a, 3917521, 16.3, 2023-03-29 01:40:36, balances, transfer_keep_alive
3917013-4, 0x832facd95a6b9e46459d79e6b56742a25224564b, 0xf3f398bce195404c041070143cc1950cb715445c1d1e33c67e1e51b0594752f2, 3917013, 0.01, 2023-03-28 23:55:42, balances, transfer_keep_alive
3916991-4, 0x9437afd55628f8eccc27d24df01f7a6316c1877a, 0x3c2ef8aeadb8c6b31951eeb869981ae35357c2393f34a2570a5afa594e72f642, 3916991, 25.0, 2023-03-28 23:51:12, balances, transfer_keep_alive
3916973-4, 0x9437afd55628f8eccc27d24df01f7a6316c1877a, 0x4bb610027aefeb32b25a3beb289fc7553161f9b3445b49ad269c7d723e20e90c, 3916973, 20.0, 2023-03-28 23:47:30, balances, transfer_keep_alive
3909386-4, 0xb9a533c99ddd4c8cdabb6a0fbfa7022009e30484, 0x9680a235c82df416bec3bb1b696f2c11513307d2ad0886e2422af3970a673138, 3909386, 0.006, 2023-03-27 21:56:30, balances, transfer_keep_alive
3909365-4, 0xb9a533c99ddd4c8cdabb6a0fbfa7022009e30484, 0x96fd6a8e1c5e32445250502511f4ec05801fa0d281d381fbc1db058e82377cef, 3909365, 0.005, 2023-03-27 21:52:12, balances, transfer_keep_alive
3908722-4, 0xef887aac46729e7d2889afe7d14d6e7c0f17fe8a, 0xa17e89605c6fa5eb19bf666437ad4276a4de24127d3f0884e7405d1d559a7b66, 3908722, 60.0, 2023-03-27 19:41:00, balances, transfer_keep_alive
3908168-5, 0xc35816c8e615f49254bcf44bcede94efdaf43b1b, 0x8b8e604d5b24ab26b7a54617809b1e0a47f041cb35a6e45182b4509b94a66eb7, 3908168, 1.25, 2023-03-27 17:48:24, balances, transfer_keep_alive
3908097-4, 0x85983ad1f3073ffa7b51fa0eb1502ac08d088cab, 0x2fa0ceafb41a6f179f3f865087843f47676e63aa09c41fdc392df080e34dbd06, 3908097, 23.141, 2023-03-27 17:33:54, balances, transfer_keep_alive
3908081-5, 0x85983ad1f3073ffa7b51fa0eb1502ac08d088cab, 0x3336278b180d891eaeda59a640ae59a0d424e444e2e671959f50e1e8529a520e, 3908081, 1.0, 2023-03-27 17:30:42, balances, transfer_keep_alive
3907327-5, 0x1367e59070ec898867c35c0600c0ec7483c96af9, 0xe81202405b57bddd12f344a8ed7e4b49fc346c6fc61e81b1383cbb7e749844c1, 3907327, 0.1, 2023-03-27 14:57:06, balances, transfer_keep_alive
3907275-4, 0x5c9eba3b10e45bf6db77267b40b95f3f91fc5f67, 0x7bdbde4c38f8cc7139385880922ea23526b7d48d57707b27f46e6312b0cf0134, 3907275, 0.01, 2023-03-27 14:46:36, balances, transfer_keep_alive
3907181-4, 0x2140177263eed40b40f8d33916f04cbd9a7af915, 0x45bce79a23b185ba4a916e91bcf7dd2cd00704015f1b898fbaf678232cdfd7cd, 3907181, 6.0, 2023-03-27 14:26:54, balances, transfer_keep_alive
3906839-4, 0x0a6e57652cefd1cb2862b5fcf76c58be673cc4aa, 0x7d001c31beace9c98b4bf8405c6f816a28c80f814d8f61ea8f1eb7eb3f3f9a5e, 3906839, 1.4, 2023-03-27 13:16:48, balances, transfer_keep_alive
3900493-4, 0xc35816c8e615f49254bcf44bcede94efdaf43b1b, 0x70be2a078a79d050339d0807d4272bcb1779c62942e98c65bfba3d58db0b3482, 3900493, 4.8, 2023-03-26 15:39:24, balances, transfer_keep_alive
3900421-4, 0x0a6e57652cefd1cb2862b5fcf76c58be673cc4aa, 0x89aae93505e912764e9cf2c46ff8558b8970b719c92811c3cdd9feee540ccf00, 3900421, 4.44, 2023-03-26 15:24:54, balances, transfer_keep_alive
3896965-4, 0x2140177263eed40b40f8d33916f04cbd9a7af915, 0xbe378f543cb4b22be8039b42e8c4651f53a95ca4df1d4cfffc75201314bbb8a3, 3896965, 11.5, 2023-03-26 03:41:24, balances, transfer_keep_alive
3893342-4, 0x026eb0ed486b68abd18cc91710abae5c25d0f6a9, 0x27a9324f25580c83d091647526add69c4ba6cda02ebaf99fc5cf3799d9b3dae5, 3893342, 9.8, 2023-03-25 15:18:54, balances, transfer_keep_alive
3893296-4, 0x37006dd9d226425c901c5d7f9434c2fb8ac3f533, 0x493bb27ef8383bf53d5f27928396039231b064c4d3bb8527b6e050d77c7cce9a, 3893296, 20.0, 2023-03-25 15:09:18, balances, transfer_keep_alive
3889667-4, 0x3efc795c754c9d7c89a4a36ae6bddea610f49a23, 0x2ceaa3f81e27863595fa7e70d16440fa21c3871917204f1a92f53b8613626d49, 3889667, 8.4, 2023-03-25 02:47:24, balances, transfer_keep_alive
3888241-4, 0xaa011f68bbfe45c0ea35761d96b39322da93a5dc, 0x590adef422e4b2e370c1be89ff6369d84a2fdbe368ea22fd18d5101ea2ad9c4f, 3888241, 112.0, 2023-03-24 21:55:36, balances, transfer_keep_alive
3888239-4, 0xb15f8d5c222c5998451f34882e3da4ad5c2b3165, 0x3f66ea8ab92fcc1e9135b1d7b542db76fd27da664b6a31df2418210dd3bf13a3, 3888239, 113.0, 2023-03-24 21:55:12, balances, transfer_keep_alive
3888225-4, 0x2ac328cb3a4aeada14290b5caf4e8406863d83bf, 0x3c472136280368661e2154588761081a77e99c0310d354b2111e17b2c4e2f875, 3888225, 111.0, 2023-03-24 21:52:12, balances, transfer_keep_alive
3888224-4, 0xb2a1df7b59e8b9d2cc56ebde2c6679b254543976, 0xfd70335479e9158aa7b413c96c91c803921da2bbfa7da5ff572e0cba5813add9, 3888224, 108.5, 2023-03-24 21:52:00, balances, transfer_keep_alive
3887712-4, 0xf51b0e3309c95c3220642205f4de21031c7a1371, 0x7c1719ed1d3be2f23fcfc1e7d20b07eff791bd6c0fbc0f0971105ce84b194c02, 3887712, 5.9, 2023-03-24 20:07:30, balances, transfer_keep_alive
3886106-4, 0x5c9eba3b10e45bf6db77267b40b95f3f91fc5f67, 0x3386c77c12dca93ee22f8c6b8b0e334ef57fa4e90b756e49c4e7d15f7425231e, 3886106, 0.001, 2023-03-24 14:40:18, balances, transfer_keep_alive
3886097-4, 0x5c9eba3b10e45bf6db77267b40b95f3f91fc5f67, 0xfcb588135abff9a08a3103a63f3c75da5acc3074371524ecbd0d29943ffdd24b, 3886097, 0.1, 2023-03-24 14:38:24, balances, transfer_keep_alive
3884824-4, 0x1c0dcf044d8c822223d6b89654d01315ebe7fe23, 0x49ef4ee67e64b0c5cbdc2c4eb37316dea3d99f30b27b5fa3ccf1b178f2a243b1, 3884824, 4.0, 2023-03-24 10:18:18, balances, transfer_keep_alive
3880818-4, 0xb4110b3a9c825fc877692a835ce2ad00eec2fa55, 0x1605e4741f1692f1e9a5363fed3b38c59d32b8955dfe9ba943a3aeae6299ce9c, 3880818, 102.0, 2023-03-23 20:40:48, balances, transfer_keep_alive
3879421-4, 0x5c9eba3b10e45bf6db77267b40b95f3f91fc5f67, 0x403a570b678e1e81bf34bdb5728a448d0bd1ec568c91db0e4894da5c6a2b3a53, 3879421, 0.001, 2023-03-23 15:57:24, balances, transfer_keep_alive
3879218-4, 0x5c9eba3b10e45bf6db77267b40b95f3f91fc5f67, 0x21dd07c20623abdf4b8151a144f18ccbb91548bf650624f754af05e482f1df1d, 3879218, 0.001, 2023-03-23 15:16:12, balances, transfer_keep_alive
3877893-4, 0x2140177263eed40b40f8d33916f04cbd9a7af915, 0xfe7084a9a8ce2a42bc98df09572ba63cc52cb9f9468a3e55ff080093ec1d20f9, 3877893, 10.0, 2023-03-23 10:45:48, balances, transfer_keep_alive
3875424-4, 0xc2d7cc2df8da68613afb47c412984de551111a8a, 0xaba72a3f509698cf138e9fb34ab6e1396f1bbaedd82a9ebc9337b0b55cf8fe65, 3875424, 100.0, 2023-03-23 02:22:54, balances, transfer_keep_alive
3875032-4, 0x0a6e57652cefd1cb2862b5fcf76c58be673cc4aa, 0xbec171655ffd35a66f1e6d310b32accf7749956b87589127c2716cf8ed03cbc8, 3875032, 1.95, 2023-03-23 01:03:00, balances, transfer_keep_alive
3875016-4, 0xc35816c8e615f49254bcf44bcede94efdaf43b1b, 0x6c4494a5835d6eb764a62189b57977d4063d78b6ffabb78963b3747156aad5a1, 3875016, 4.4, 2023-03-23 00:59:48, balances, transfer_keep_alive
3874578-4, 0x3efc795c754c9d7c89a4a36ae6bddea610f49a23, 0x83b93c325165d31ef530e57e576db534cef79da133c1a54cb3dc878616605b16, 3874578, 10.5, 2023-03-22 23:31:06, balances, transfer_keep_alive
3874281-4, 0x23ba3f683cdd1733b193ebbc965311a2a882e0c3, 0x986b2669b1aa133dc58df0b154604be7bf75a06dc9bbc17a432274eb9b7aa66a, 3874281, 0.01, 2023-03-22 22:30:48, balances, transfer_keep_alive
3873156-4, 0x59fe59853fd70fb7991585165165a0fd004bb98e, 0xed9127115d4bf69d149bf57a037b636dceff3ef53a0e7dfc2e5614e692faed52, 3873156, 14.5, 2023-03-22 18:42:54, balances, transfer_keep_alive
3867968-4, 0x8dc3640432fc4cdb77bc1c74aca1fc3da49c28e1, 0x5fd4689b9f5d71791f1446dfa84020f8854748eed1444cbea20765d99e2a5286, 3867968, 1.1, 2023-03-22 01:05:12, balances, transfer_keep_alive
3867901-4, 0xb926e36d439106090be1151347cfb916e44afe00, 0xc03b67288a653e1d1b0da5b0004ff09bed1434ff5eae98f4237d569ee5d24d34, 3867901, 0.3, 2023-03-22 00:51:36, balances, transfer_keep_alive
3867893-4, 0xe2464049271b9296b839cbd115533b57a34148bd, 0x95a219a464fe47f83aeb00325017c0f64b482ae8f4c82d0c661304fe63c2128d, 3867893, 0.1126, 2023-03-22 00:50:00, balances, transfer_keep_alive
3867387-4, 0x0a6e57652cefd1cb2862b5fcf76c58be673cc4aa, 0xb56eba78c6a8fecd5d38803b01bf60711d15fc598628654af1c069246d9baf40, 3867387, 3.2, 2023-03-21 23:05:55, balances, transfer_keep_alive
3865577-4, 0xeb387ac89fa94d749aca6372242276c34c9f5372, 0x9e405f54dfe81471ed7b7dcad408ef673266cbaac3dfa9e76446ee3626da9bd7, 3865577, 19.71545, 2023-03-21 16:53:30, balances, transfer_keep_alive
3861876-4, 0x23ba3f683cdd1733b193ebbc965311a2a882e0c3, 0x4b55efb96cdbfaa4c7a0dd2e237026f0256e7a3a4ad4b2ad9c1ca5b36b78d8c3, 3861876, 0.01963, 2023-03-21 04:22:24, balances, transfer_keep_alive
3861804-4, 0x7c9c3a364a2ca4506393380f148acb020f3958d5, 0xe5170cdbb8639d2d98502c06a9203da363be3374348969187b62dfb72beeba49, 3861804, 75.0, 2023-03-21 04:07:48, balances, transfer_keep_alive
3861425-4, 0x2140177263eed40b40f8d33916f04cbd9a7af915, 0xa2fe70489c8fec52052e87656f98f19a779deca43e8c48656305ca8c12582e24, 3861425, 8.5, 2023-03-21 02:50:36, balances, transfer_keep_alive
3860001-4, 0x419fe3d9476b9dee068251cb6ec35ce14b94de9f, 0xe65369423bcd29feb98cf3c5d47cbe8287858d72cb182ca6ebd84073a5ce856f, 3860001, 70.62, 2023-03-20 22:01:24, balances, transfer_keep_alive
3859417-4, 0x457c23d4daa0082c5c932557cfcb38afd6613885, 0xb6305dd25b70c23ff6ea14b115eaf0735de4f979806552b9003150e4e05b26c4, 3859417, 561.0449, 2023-03-20 20:03:24, balances, transfer_keep_alive
3858574-4, 0x17e9bfd55118c142e15d36200dcdabb3aa5a0ac9, 0xf45f3b093dc990759395946826b7fe2f770e6ef96dde3d1d28fcd232293ba416, 3858574, 10.0, 2023-03-20 17:09:48, balances, transfer_keep_alive
3858409-4, 0x37006dd9d226425c901c5d7f9434c2fb8ac3f533, 0x62149901b3ea3b565df6401af895507685678708153726efaaa4cd78869ea73d, 3858409, 28.0, 2023-03-20 16:36:42, balances, transfer_keep_alive
3856727-4, 0x3efc795c754c9d7c89a4a36ae6bddea610f49a23, 0x0a230fc86ec545c5d1fdb64ab040c57b625277d56c6d3f1ce3021b832011d4ef, 3856727, 10.0, 2023-03-20 10:53:48, balances, transfer_keep_alive
3855307-4, 0x6b402db11d47a97860d5d51cb622c7d910b06ee6, 0x62c0622bcbd2b2df0e7bcaf85f20c2a8510df52c85771d1aaf479099e0bd932b, 3855307, 18.0, 2023-03-20 06:03:36, balances, transfer_keep_alive
3853776-4, 0xfe27de60cfa7bb767007cca66f5368d7b1256c04, 0x179aca7ae62b2fc0678161bb629330db4f04f41c19eff6665137616cceb3b163, 3853776, 182.3, 2023-03-20 00:53:12, balances, transfer_keep_alive
3853731-5, 0xfe27de60cfa7bb767007cca66f5368d7b1256c04, 0x63cf451ec6b08ab80744a18bea43412fa8d5166b609371eb2119322e0a635ea8, 3853731, 1.0, 2023-03-20 00:44:06, balances, transfer_keep_alive
3852841-4, 0xc35816c8e615f49254bcf44bcede94efdaf43b1b, 0xd3fe1dc242b7c1558fb7b3e5e0fb6cd019b20a2aca6c21e5201b4d9c33fa5b9f, 3852841, 2.45, 2023-03-19 21:44:12, balances, transfer_keep_alive
3851114-4, 0xa6f71753f6fc8ea396c5f87085f8db51dd740f18, 0x6506d9d192e7d14d299eeb83eea2f78b1b85f5eb3851d26149ee8fc4dcb0bc71, 3851114, 20.0, 2023-03-19 15:52:48, balances, transfer_keep_alive
3851050-4, 0x0a6e57652cefd1cb2862b5fcf76c58be673cc4aa, 0xda7582878e4d27afa02667d03dcd428d5bcde95af59973eaf26d2d8e34316457, 3851050, 1.0, 2023-03-19 15:40:00, balances, transfer_keep_alive
3846455-4, 0x026eb0ed486b68abd18cc91710abae5c25d0f6a9, 0x4f4e4afa5a5b05f79cd10ed1c334cd51a1da19d2b8a5ec7d3132aa77ab2a4300, 3846455, 12.6, 2023-03-19 00:04:48, balances, transfer_keep_alive
3846206-4, 0x2140177263eed40b40f8d33916f04cbd9a7af915, 0xaf37a1a29d4d10bfe35b94c11607df41e9c12c3a4e2b23bb5991099708ce723d, 3846206, 8.0, 2023-03-18 23:14:24, balances, transfer_keep_alive
3844229-4, 0x0a6e57652cefd1cb2862b5fcf76c58be673cc4aa, 0x181470f9fd62d7cc86d6b84ac9618d8fd4c8a37900f329b5a3782737e55b5dfb, 3844229, 2.9, 2023-03-18 16:29:24, balances, transfer_keep_alive
3844225-4, 0xc35816c8e615f49254bcf44bcede94efdaf43b1b, 0x772dc4f8b9563c6fa6744a5abca612e53b3c767e4c87362178bb478ea897d51d, 3844225, 2.65, 2023-03-18 16:28:30, balances, transfer_keep_alive
3840872-7, 0x9b5ae80da7516ba158b51ba745ba5977c15fe48a, 0x99f9a47d5d3bc524c73b986e30a9561884171e478475d2b37fc156b4f76b10b4, 3840872, 600.0, 2023-03-18 05:07:42, balances, transfer_keep_alive
3839175-4, 0x3efc795c754c9d7c89a4a36ae6bddea610f49a23, 0xf301824f3d1e480c222a0c56ba725002ceb96152eb595be559b3e39678602408, 3839175, 10.5, 2023-03-17 23:23:06, balances, transfer_keep_alive
3839005-8, 0x9b5ae80da7516ba158b51ba745ba5977c15fe48a, 0xc350b48f8acd7385a3a6a4db2a5aedc9b2cf77c9723d6002b93cbc15558fd6e5, 3839005, 3.0, 2023-03-17 22:48:06, balances, transfer_keep_alive
3838998-7, 0x9b5ae80da7516ba158b51ba745ba5977c15fe48a, 0x49e3875e47f27d3ae814a015179412cc8bc75aaed67df8ae699e5ea3a50b76da, 3838998, 5.0, 2023-03-17 22:46:42, balances, transfer_keep_alive
3838322-4, 0x832facd95a6b9e46459d79e6b56742a25224564b, 0xcac40742ae4d906527036164b6a26d7c81350fb9517d03fcedea17fbc630a068, 3838322, 0.01067, 2023-03-17 20:29:06, balances, transfer_keep_alive
3837750-4, 0x9437afd55628f8eccc27d24df01f7a6316c1877a, 0xb6d2eaec111dd157a877baa69fc6c84ae15a344651c15c8e44a4868c1d72fd1e, 3837750, 31.0, 2023-03-17 18:33:06, balances, transfer_keep_alive
3834040-4, 0xeb387ac89fa94d749aca6372242276c34c9f5372, 0xa9439f75b1c095401dabafb8258f2a514bc9802ccbca73ff44b37118ce7c06fe, 3834040, 28.54, 2023-03-17 06:02:18, balances, transfer_keep_alive
3833307-4, 0xb9a533c99ddd4c8cdabb6a0fbfa7022009e30484, 0xab5ad490953134b59bd6497f8146bf2be67ac77af88a89877ed130fe33078227, 3833307, 0.00328, 2023-03-17 03:33:30, balances, transfer_keep_alive
3833303-4, 0x832facd95a6b9e46459d79e6b56742a25224564b, 0x7cfd9676a3061f1ddd05c5dfae5f6f847d01514739cf0d2f98c4cafaae2e6759, 3833303, 0.01314, 2023-03-17 03:32:42, balances, transfer_keep_alive
3832630-4, 0x2140177263eed40b40f8d33916f04cbd9a7af915, 0x6754cd0d5a53eab287b45e43d690b593d2218ad91c8f7b7bcbf06cbc5205e1d4, 3832630, 7.5, 2023-03-17 01:16:00, balances, transfer_keep_alive
3831754-4, 0xa6f71753f6fc8ea396c5f87085f8db51dd740f18, 0x4d6356116167179f0e7e6d5ea8f61fab3a2095604a4f200183a02cdde47dc0df, 3831754, 7.0, 2023-03-16 22:18:06, balances, transfer_keep_alive
3831246-4, 0x832facd95a6b9e46459d79e6b56742a25224564b, 0x75f36642de1ee100ce2bc25ff59ddf37c8bf3d1039a301baf3d86e3ab8e124a3, 3831246, 0.0, 2023-03-16 20:33:30, balances, transfer_keep_alive
3829427-4, 0x0a6e57652cefd1cb2862b5fcf76c58be673cc4aa, 0x3d499107b036ddfc3af757a94bc3de3c3c3470b57b09d8651cdd27eaddba4a64, 3829427, 0.94, 2023-03-16 14:23:54, balances, transfer_keep_alive
3829420-4, 0xc35816c8e615f49254bcf44bcede94efdaf43b1b, 0xe4d63f6b260bc6f4d4b380097e9b76d78185682f67a9de7aefa181c0319a52ec, 3829420, 2.2, 2023-03-16 14:22:30, balances, transfer_keep_alive
3822329-4, 0x0a6e57652cefd1cb2862b5fcf76c58be673cc4aa, 0xa1837bb42704fe037609439b58311d5b646d091afa64366c9e618cea8d297dd4, 3822329, 1.25, 2023-03-15 14:18:12, balances, transfer_keep_alive
3821486-4, 0x2140177263eed40b40f8d33916f04cbd9a7af915, 0xbb4c47786b5efdd1c30f3f7d2a5356166a3290b433f7ae1c00dc7bb536cf134a, 3821486, 6.0, 2023-03-15 11:27:55, balances, transfer_keep_alive
3818558-4, 0x0a6e57652cefd1cb2862b5fcf76c58be673cc4aa, 0xa6a8b62c37b0399614b9bdb745fa3c9433bdca41d2c1df6051ffe5ef209d0b00, 3818558, 1.9, 2023-03-15 01:33:18, balances, transfer_keep_alive
3818552-5, 0xc35816c8e615f49254bcf44bcede94efdaf43b1b, 0x9eae46c2f41ad61d10e7f695dd91f66155425b13dadd00edd801a1f4e683fda6, 3818552, 1.3, 2023-03-15 01:32:06, balances, transfer_keep_alive
3818524-4, 0x457c23d4daa0082c5c932557cfcb38afd6613885, 0xa0ac1135defe7577f31883675f1a650b21b8c40163b4637d5f83e3fe5ce81d94, 3818524, 520.0, 2023-03-15 01:26:30, balances, transfer_keep_alive
3818289-4, 0x3efc795c754c9d7c89a4a36ae6bddea610f49a23, 0x6da0760b7fa6bff80a2b9c27e81220a981eb00bf2346de871db86bb0d3bc6fe5, 3818289, 11.5, 2023-03-15 00:38:18, balances, transfer_keep_alive
3818207-4, 0x7883076ef460ef1ba6ce2e266ce6f36fdec057ae, 0xf8a329ed5c4e4e94c3b2a8a04b2aef9c4c48c462beb996cffa3ed1f267fd6683, 3818207, 0.001, 2023-03-15 00:21:30, balances, transfer_keep_alive
3817547-4, 0x0b47c1a3d130a71cf53673b6034e367308f9d2e8, 0xb956527212d1c4585704ea863b80211e0ec97e5d510054b1cb8268ae4f6fa914, 3817547, 99.0, 2023-03-14 22:07:42, balances, transfer_keep_alive
3817083-9, 0x982572bf39c132f2f34dec7cd38440f0837dbe98, 0xe9571ffeecbc76db24c1e60152ba81b7983371690bfdc0d65160d3b047c3df04, 3817083, 0.0, 2023-03-14 20:32:54, balances, transfer_keep_alive
3817083-8, 0x982572bf39c132f2f34dec7cd38440f0837dbe98, 0xc296b5ce6a5fea945fdc1f5c0a02e2558f3ac7a1fb891ab735c5db0dfb57804c, 3817083, 0.0, 2023-03-14 20:32:54, balances, transfer_keep_alive
3817083-7, 0x982572bf39c132f2f34dec7cd38440f0837dbe98, 0x1a0113d652a161fe97e5cc211766e5becce92a657b1d5085d814bf8b6e92ab4e, 3817083, 0.0, 2023-03-14 20:32:54, balances, transfer_keep_alive
3817081-44, 0x982572bf39c132f2f34dec7cd38440f0837dbe98, 0x30edb55ac4ac94bf8fb17eefe73806093ad4c8d6a233c5c1df425c96421334c7, 3817081, 0.0, 2023-03-14 20:32:30, balances, transfer_keep_alive
3816751-7, 0x982572bf39c132f2f34dec7cd38440f0837dbe98, 0x860e126eda3d58ddb745fc239186c7c7e374c0e133429ed58e2f242f414c0936, 3816751, 0.0, 2023-03-14 19:24:48, balances, transfer_keep_alive
3816751-6, 0x982572bf39c132f2f34dec7cd38440f0837dbe98, 0x677a71198bfb114f19f9fc3c3fc16c64d19ead20646bf7fcc9de2f23d9adf173, 3816751, 0.0, 2023-03-14 19:24:48, balances, transfer_keep_alive
3816751-5, 0x982572bf39c132f2f34dec7cd38440f0837dbe98, 0x757fcb8a67300fe642553f3f41eaf63aa14d0526084ef423edc96f1e8a82bd65, 3816751, 0.0, 2023-03-14 19:24:48, balances, transfer_keep_alive
3816695-4, 0x982572bf39c132f2f34dec7cd38440f0837dbe98, 0x204b260e53f12db3ba23f95158956056014b7676216e80967f7333d6ec9c6316, 3816695, 0.0, 2023-03-14 19:13:06, balances, transfer_keep_alive
3812887-5, 0x982572bf39c132f2f34dec7cd38440f0837dbe98, 0xdfad92317226bca4e68a6e61576d32f5b5249693b6e11b2c01ad969f30f51fdf, 3812887, 0.0, 2023-03-14 06:14:24, balances, transfer_keep_alive
3811148-4, 0x2140177263eed40b40f8d33916f04cbd9a7af915, 0x9c704df669704bbb502704a1f247cfc3fc609577d78cc7258dab88fe16f1eb8f, 3811148, 6.0, 2023-03-14 00:21:00, balances, transfer_keep_alive
3810168-4, 0x37006dd9d226425c901c5d7f9434c2fb8ac3f533, 0xd4699e62d5b842816b6d14a110a64e32a7e11089871796c2c74e5e099f67d81d, 3810168, 25.0, 2023-03-13 21:01:00, balances, transfer_keep_alive
3809712-4, 0x0a6e57652cefd1cb2862b5fcf76c58be673cc4aa, 0xa9e65d95f98f9b2a731affeb85dfe95f2254ec54668b0ea4f6fdfd7869194ecd, 3809712, 2.45, 2023-03-13 19:26:18, balances, transfer_keep_alive
3809708-4, 0xc35816c8e615f49254bcf44bcede94efdaf43b1b, 0x56784ba68415dec5896aff3a951addbead08599caaf86339cff1fdfbc91a4ab3, 3809708, 1.7, 2023-03-13 19:25:30, balances, transfer_keep_alive
3808878-5, 0x59fe59853fd70fb7991585165165a0fd004bb98e, 0xe8edf26826b65725b3ee656f1a48dc854fab9cff54b836b391bdf96155da88d9, 3808878, 6.0, 2023-03-13 16:35:06, balances, transfer_keep_alive
3802646-4, 0xc35816c8e615f49254bcf44bcede94efdaf43b1b, 0xbc5d1a5d65f67eaf56c44fcd8ce72b8020f06949b76d0e244b8d5526040af468, 3802646, 1.25, 2023-03-12 19:23:48, balances, transfer_keep_alive
3801574-4, 0xa6f71753f6fc8ea396c5f87085f8db51dd740f18, 0x9a3a06c2b4b032c04699e8e352f9dcf35e6db7dd425e1fdb20e6d30db3de7405, 3801574, 4.0, 2023-03-12 15:47:06, balances, transfer_keep_alive
3799643-4, 0x2140177263eed40b40f8d33916f04cbd9a7af915, 0x33f5153c90a59e1d8695282e628b066bde83891ae707e6cfeb72e68aeb44d180, 3799643, 5.0, 2023-03-12 09:11:30, balances, transfer_keep_alive
3796330-5, 0x3efc795c754c9d7c89a4a36ae6bddea610f49a23, 0xb7c2ebeb553d794c5e15d66f24b66a6ac70401fab45919fa8f61285124866d93, 3796330, 11.0, 2023-03-11 21:50:00, balances, transfer_keep_alive
3796096-4, 0xc35816c8e615f49254bcf44bcede94efdaf43b1b, 0x5b98d5b81cce45e53c491596429fbdc0dec689fbf4080154660ef5b85bdae39e, 3796096, 1.2, 2023-03-11 21:00:24, balances, transfer_keep_alive
3791880-4, 0x2140177263eed40b40f8d33916f04cbd9a7af915, 0x4ea778df346998331e9761dbae4f7e907dc32e38029f3ab8272db9e41849055f, 3791880, 9.5, 2023-03-11 06:12:54, balances, transfer_keep_alive
3791517-4, 0x0a6e57652cefd1cb2862b5fcf76c58be673cc4aa, 0x21da5a460b4371fb405b5301d81c26991fcb764d09000d06da7f9964ed6e9e6f, 3791517, 1.0, 2023-03-11 04:56:14, balances, transfer_keep_alive
3789018-4, 0x026eb0ed486b68abd18cc91710abae5c25d0f6a9, 0xadc80b0f8c9f1e9d31280188f62065cb438e8728ee1f4ee46a0445c4ca64c146, 3789018, 23.5, 2023-03-10 17:04:25, balances, transfer_keep_alive
3786531-8, 0xbd7562319f1f0fd658e0cc4af5970ea45946b08f, 0x7be0a59ae31f7bfa19f8bd5a5205cb4eb119a5bb6065ed9ec18c2103b6678313, 3786531, 1.0, 2023-03-10 07:52:24, balances, transfer_keep_alive
3784512-5, 0x0a6e57652cefd1cb2862b5fcf76c58be673cc4aa, 0xa7bd86beb6f664efb513a43a0667157ed1da614f53ef77120a1fe70dfcd49583, 3784512, 3.2, 2023-03-10 01:00:06, balances, transfer_keep_alive
3784508-4, 0xc35816c8e615f49254bcf44bcede94efdaf43b1b, 0xac4d7f1d76550a53add25e4dc283b0777cb02de604e27324b43dbdd6c2258022, 3784508, 0.9, 2023-03-10 00:59:18, balances, transfer_keep_alive
3783942-4, 0x19eaa6aae65e4b02539de493a735b81d1d848829, 0xbc551e6bed85982acc35341671d4c74a2390e00829ff1362dab6bcf79af0fbc0, 3783942, 500.0, 2023-03-09 23:04:18, balances, transfer_keep_alive
3781722-4, 0xa6f71753f6fc8ea396c5f87085f8db51dd740f18, 0x4dbf7dfc91a297b43a2b389cd4d6478923b59e66fdab08002265e2daf9939fc2, 3781722, 7.0, 2023-03-09 15:28:13, balances, transfer_keep_alive
3777474-4, 0xd3b3286e779013abe76d590a927e5473915c3748, 0xaf9981b352ed267ae0d9d0a5915df84204a2cd6c3b0258944c611d94411f52ea, 3777474, 1.5, 2023-03-09 01:02:54, balances, transfer_keep_alive
3777171-4, 0x3efc795c754c9d7c89a4a36ae6bddea610f49a23, 0x0773640b85b53e91d59ffaafaff9aa559f093671523e2f939c6cd882c56f5a1d, 3777171, 11.8, 2023-03-09 00:01:12, balances, transfer_keep_alive
3776762-4, 0xc35816c8e615f49254bcf44bcede94efdaf43b1b, 0x8532fae322b056db07e34ace26350cf2c62fa6c7adbeb6b6f57bfa9cbd6af020, 3776762, 3.2, 2023-03-08 22:38:12, balances, transfer_keep_alive
3776314-4, 0xcdabee7615608a932ba71379e9768fc062255629, 0x12cd75e53f3b34798d12be775d71e9ce2607e47fb7564031616266ceda1179b1, 3776314, 10.0, 2023-03-08 21:06:00, balances, transfer_keep_alive
3776312-4, 0xcdabee7615608a932ba71379e9768fc062255629, 0xd7a7501e4de09d546e5902b2cc90faea08b47a00281b8d02065fe57c31a25b9e, 3776312, 10.0, 2023-03-08 21:05:36, balances, transfer_keep_alive
3775511-4, 0x59fe59853fd70fb7991585165165a0fd004bb98e, 0x59d095e8918189a32893065070869c5ca80f822295c6310d1b847e7e6d89c483, 3775511, 11.0, 2023-03-08 18:20:48, balances, transfer_keep_alive
3774609-4, 0x5c9eba3b10e45bf6db77267b40b95f3f91fc5f67, 0x7a484fd8ad8c7ebf2e72b8e0ce2b2fa244ad2c58cbae4a9a66e91090c3b8bb5e, 3774609, 0.01, 2023-03-08 15:18:36, balances, transfer_keep_alive
3774304-4, 0x2140177263eed40b40f8d33916f04cbd9a7af915, 0x89bf022a4865d977432eae1fd853246b218ca31cba4665e3e68610c32bd3a156, 3774304, 6.0, 2023-03-08 14:15:30, balances, transfer_keep_alive
3770711-4, 0x2140177263eed40b40f8d33916f04cbd9a7af915, 0x8988174979d0fa8f4a6c6ef99392c67e032c5fbcdcd76bb3484f17c3d0bc9247, 3770711, 4.0, 2023-03-08 02:05:36, balances, transfer_keep_alive
3770064-4, 0x0a6e57652cefd1cb2862b5fcf76c58be673cc4aa, 0x8c427e82403328af6e60601bc4c79cc4c2aa14d7fd942d89fc9ab8d004f11e4a, 3770064, 0.95, 2023-03-07 23:51:54, balances, transfer_keep_alive
3766515-4, 0x37006dd9d226425c901c5d7f9434c2fb8ac3f533, 0xfd5eec324611a3e99e4c1ffbaac06940bc4447976066127052b656fbe2546ae1, 3766515, 42.0, 2023-03-07 11:49:12, balances, transfer_keep_alive
3764579-4, 0x2140177263eed40b40f8d33916f04cbd9a7af915, 0x4e6ece472e20ec9e819a36083fdaf4e6dad8792ad79c154d5158e6fac0a1658c, 3764579, 13.0, 2023-03-07 05:11:30, balances, transfer_keep_alive
3764008-4, 0x6b402db11d47a97860d5d51cb622c7d910b06ee6, 0xea72a9698db245dd52c0a38ea6f1158307ff71e37cc7ea594a052795c4666f7d, 3764008, 21.0, 2023-03-07 03:16:12, balances, transfer_keep_alive
3762959-4, 0x872def818fe02eb8280282025214554037c201db, 0xf7439702d7e893c0881442cb05cc49c03e325535938dd3437cb8ba572e229bf2, 3762959, 58.31, 2023-03-06 23:44:30, balances, transfer_keep_alive
3762957-4, 0x872def818fe02eb8280282025214554037c201db, 0x27c44b1d3059fa9ae88dd34df2999484808e7152e7eb085c47264074ae2daabe, 3762957, 58.31, 2023-03-06 23:44:06, balances, transfer_keep_alive
3762955-4, 0x010202a6f849e42b6f9613279e2df840ce5fc788, 0x0a8a622e1217872605687b5ea88bcff52452490cae68826a2748d0b919da4c0e, 3762955, 58.31, 2023-03-06 23:43:42, balances, transfer_keep_alive
3762953-4, 0x010202a6f849e42b6f9613279e2df840ce5fc788, 0x14e81771902427d0d43b52c3f211488768b942644769ec6d2a0be98cb1bbf137, 3762953, 58.31, 2023-03-06 23:43:18, balances, transfer_keep_alive
3761925-4, 0x0a6e57652cefd1cb2862b5fcf76c58be673cc4aa, 0x401154265595ad0c625232fd8a09dd15d214267f114db325b34f7d2a3fe01cdd, 3761925, 2.5, 2023-03-06 20:13:24, balances, transfer_keep_alive
3761917-4, 0xc35816c8e615f49254bcf44bcede94efdaf43b1b, 0x038287796bcab7944d22a3ca2b648b605c14795c8834c9c9a73f54a7b368c55a, 3761917, 2.45, 2023-03-06 20:11:42, balances, transfer_keep_alive
3760946-4, 0x5c9eba3b10e45bf6db77267b40b95f3f91fc5f67, 0x161fbb31bac4b43b7a6071f52ab70eb080452aba410db27cd0b134313ad21ace, 3760946, 0.1, 2023-03-06 16:53:48, balances, transfer_keep_alive
