3285800-4, 0x8730b791ee9fd8abf80caa654f4e4c5626ddbeee, 0x3fb5ea3ce653884e0e1f7119f6617bf8c991f1390e88a2948de8b88092b10ed0, 3285800, 3586.0, 2023-04-05 03:39:36, balances, transfer_keep_alive
3285213-4, 0xb9662aa0adbf57d5b74cf39b621e90e45982749e, 0x2e4ee51d77241abdbd6133b06a893c71f1a5578694149cdc2155e1eefa864134, 3285213, 400.0, 2023-04-05 01:38:36, balances, transfer_keep_alive
3284006-4, 0x5936ce574f6cdc1bfbf1a697f9ce3e5cdf407b67, 0x2525bfd9c333dd767dc0395ed9db19ce2feb3bb4e3697b5c78e6821c730028c2, 3284006, 2.0, 2023-04-04 21:27:54, balances, transfer_keep_alive
3284003-4, 0x5936ce574f6cdc1bfbf1a697f9ce3e5cdf407b67, 0x03b1f605777d87555064edb99e5ba3c58a763bf781220b86a91f0832c304820c, 3284003, 2.0, 2023-04-04 21:27:12, balances, transfer_keep_alive
3282606-4, 0xec6d8ca610a7bf056184332f1d10e00c11d74dad, 0xdeacc23892239ac4fbadc10e69de542fe28e353b31f4c90132d9ec264c6f3c3c, 3282606, 113.0, 2023-04-04 16:31:24, balances, transfer_keep_alive
3281892-4, 0x78b23b0ae85cf328b6f7a904d1a4c48af5a487bf, 0x907bd394e6e2f0703f9d20164ad3dacabffe1ab4170b2c02c94aed8a921fbefa, 3281892, 6.56, 2023-04-04 14:04:48, balances, transfer_keep_alive
3280428-4, 0x6e60bef128bfbf5e39d54b7c9daf3f453571948b, 0x737efe67d629f87c7dd3962db14d70730dc981bf5c36e658569753a509c66f38, 3280428, 15252.0, 2023-04-04 09:03:30, balances, transfer_keep_alive
3280419-4, 0x4fadbd3a6e6ff1cd17ada64eb79be168ce32cf7c, 0x85dbf4526cdae89a56491c00cb283280a59ae9ae70ede09c991553b75774c696, 3280419, 6726.0, 2023-04-04 09:01:36, balances, transfer_keep_alive
3280418-4, 0x4fadbd3a6e6ff1cd17ada64eb79be168ce32cf7c, 0x1b57de12652588396f80c536d69446dd3d506790865f6c8b6071a0b1a01946c0, 3280418, 5885.0, 2023-04-04 09:01:24, balances, transfer_keep_alive
3280414-4, 0x7f1f9a444a22d8d39efdfdd9c441070f36a20750, 0x6727c540503449462b9c4d2a55fb90c09956716553783eee135dca296249614c, 3280414, 6788.0, 2023-04-04 09:00:36, balances, transfer_keep_alive
3280413-4, 0x7f1f9a444a22d8d39efdfdd9c441070f36a20750, 0x1cbb67d9cbcd9d08ccffcac8e1af5d43281027fcaddbdc0b1e2554a3a5e3746e, 3280413, 5939.0, 2023-04-04 09:00:24, balances, transfer_keep_alive
3280406-4, 0x564e8464a616bae3c366467ed572c3d2ae8b9e63, 0x70af7712209942dc0b4b9a3fceb0df751ef56d6d4f3796c1e32cb395c1a7fc5f, 3280406, 6821.0, 2023-04-04 08:59:00, balances, transfer_keep_alive
3280405-4, 0x564e8464a616bae3c366467ed572c3d2ae8b9e63, 0x58b2d77e5fa6c807854ca8697f2562db44f6b7323cdb4f61af3bffe9767f2590, 3280405, 5969.0, 2023-04-04 08:58:48, balances, transfer_keep_alive
3280047-4, 0x6c85c726b0007ada728d69a64431c63051c8da7a, 0x1cd574bf972cce2298dfec8357290941ff88cc5f9e2d0edc6bbbfb408330193c, 3280047, 205.0, 2023-04-04 07:43:00, balances, transfer_keep_alive
3279031-22, 0xe4b3639389f6366b86fa46bec737c9b45c1a9e97, 0x3075ecee088494c8a27e79e6df62a21eabbf268a84b524620c78ab0fdf81d677, 3279031, 5700.0, 2023-04-04 04:14:36, balances, transfer_keep_alive
3278370-4, 0x728507ec8f967bcb5faff3d238059ce1eb99b828, 0xe32502d5fbf8f028d59f3e6a2010f0dd61a5e7dd569f051005c19363d3a8bd2b, 3278370, 3490.0, 2023-04-04 01:55:24, balances, transfer_keep_alive
3277833-4, 0x1d4dd1bd8d1f26b631b69396a9cbf7bf7c373073, 0x571b34a99b9fe8f717242427ee3edafb106245e603785b489c6e82bc789bd179, 3277833, 4167.0, 2023-04-04 00:02:18, balances, transfer_keep_alive
3277825-4, 0x1d4dd1bd8d1f26b631b69396a9cbf7bf7c373073, 0xd093044ba54658bae36443773efb9200511b3cddbaa660aadea23f6f2ed403b5, 3277825, 2000.0, 2023-04-04 00:00:36, balances, transfer_keep_alive
3277726-4, 0x9ced08e436a468668caa25e0a7907acf5588d595, 0xfd8b5d074711f03fdf3024bbaeaeb062b2eaa16bb06fa320edd4364c527dc449, 3277726, 3500.0, 2023-04-03 23:39:42, balances, transfer_keep_alive
3277304-4, 0xca98d4378393040408100f490bf98b03f5e7deb7, 0xc349487aba83306311b23a9b0a5d500ce594a7d0223bb9cec29d9658ae9c1298, 3277304, 3425.0, 2023-04-03 22:11:54, balances, transfer_keep_alive
3275643-4, 0x93a72a30a587fe25e4f7595dd07fa4d1dbd13555, 0x43e2f2bcf26d6de296798380e1d701fe881a459f5d337c2d31a8fe2a35fc2757, 3275643, 118.0, 2023-04-03 16:25:42, balances, transfer_keep_alive
3275254-4, 0xec6d8ca610a7bf056184332f1d10e00c11d74dad, 0x6e646a5646b0776895426707feee534c5fb77f985fea29b1c5fc3871867eaf07, 3275254, 114.0, 2023-04-03 15:05:12, balances, transfer_keep_alive
3272603-4, 0x5c68ce6100f980ced708bd89cce028840ac6bda9, 0xb27869057aaed50a64ed327994b01eba379f3754b5df4d89f25fdfc288312d69, 3272603, 453.0, 2023-04-03 05:58:18, balances, transfer_keep_alive
3271930-4, 0xf066aa68bf435ad95a39d0d9cb460b12d3dbb936, 0x9b92e09b6ec772e85c8f3f21bfaae410aed39085d88fead46d77aec38eb35da0, 3271930, 290.0, 2023-04-03 03:38:36, balances, transfer_keep_alive
3271288-4, 0x7211a1fc43cecab5e19f01cc5225ec0adde9c393, 0x829c7fe3463e5a3d68222b54cc59674a00e7567b06a4c00ba1d8a883f0121dfc, 3271288, 20.0, 2023-04-03 01:25:36, balances, transfer_keep_alive
3270616-4, 0x689a81e645f7567d2a1fb0b01822ce21d42b1e64, 0x46a30ba235066b3866df590e6e700385a01c8e673a2e24d481347da3a01118a5, 3270616, 0.1, 2023-04-02 23:04:30, balances, transfer_keep_alive
3270403-4, 0x4ebec1cbc755fc7e3f487ecb6041e1bab3bfcde1, 0x951bbe5046e9517e8a1745432876bdd8a3f9f49632d80f6f367db8c86a656a6c, 3270403, 45.0, 2023-04-02 22:19:36, balances, transfer_keep_alive
3270283-4, 0x4ebec1cbc755fc7e3f487ecb6041e1bab3bfcde1, 0x626e20398e86940c61ec190763e96123f20f067bac9fa1fa5bb28e3bab227b80, 3270283, 5.0, 2023-04-02 21:55:00, balances, transfer_keep_alive
3265408-4, 0x5c68ce6100f980ced708bd89cce028840ac6bda9, 0x11ed1f35ea2571f14098b139f0a5488f3ae38ac192be263aa110ebae22acca47, 3265408, 1032.0, 2023-04-02 05:07:30, balances, transfer_keep_alive
3263947-4, 0x2aca62a8af7148342fb55630a75a57110b4cf5da, 0x8ca3a1fb8f53d51249755ec6c72246d99c0b739b873074d28d11416a1467db7e, 3263947, 0.50016, 2023-04-02 00:01:24, balances, transfer_keep_alive
3263583-4, 0x4909b9c2483a955220e57cf3a7d8c10f6f4e7cde, 0x4b7f7ba2795bec0329465d4c1b2f98d68c854e9dc394448059a051eeb27d71f9, 3263583, 143.05681, 2023-04-01 22:46:48, balances, transfer_keep_alive
3263579-4, 0x4909b9c2483a955220e57cf3a7d8c10f6f4e7cde, 0xd86592a4953bb7c76d46b326c45b4c472f6eee5ad3befce66d453746ab1ca2ea, 3263579, 154.08658, 2023-04-01 22:46:00, balances, transfer_keep_alive
3263134-4, 0x9eea5bc566031840743e3efc8f7919fc393e1573, 0x52a1a3c1ab694aa2cb5c9261e50845b43f8291831d790c99c0431480ec9da391, 3263134, 2884.0, 2023-04-01 21:14:54, balances, transfer_keep_alive
3263132-4, 0x9eea5bc566031840743e3efc8f7919fc393e1573, 0xdd28f20b037da98307f18f36a9436e19a43853297a91c92a0f344192e23d3970, 3263132, 2884.0, 2023-04-01 21:14:30, balances, transfer_keep_alive
3263130-4, 0x9eea5bc566031840743e3efc8f7919fc393e1573, 0x5da3717e75707509a8ad32ad62a76422feafe53c4cb28ac6765fb6f7e695b5c5, 3263130, 5768.0, 2023-04-01 21:14:06, balances, transfer_keep_alive
3263072-4, 0x93a72a30a587fe25e4f7595dd07fa4d1dbd13555, 0x496407eba12124b77b9099cad578fe3cc68bd86525fc074759dea3a127f5c236, 3263072, 252.0, 2023-04-01 21:02:30, balances, transfer_keep_alive
3263010-5, 0xec6d8ca610a7bf056184332f1d10e00c11d74dad, 0x14024f1a55b754d207fd427a85c82b8c0c57e0a7d7d19696f44023b999cc3643, 3263010, 256.0, 2023-04-01 20:49:42, balances, transfer_keep_alive
3262161-4, 0x0fc18c08667dc0c026659ad11a73920bd5d5eeac, 0xd2a30eb1c16de96518142d5e9d5f024428d0ec6a5b94188087fa26874ea76401, 3262161, 12890.0, 2023-04-01 17:53:42, balances, transfer_keep_alive
3262157-4, 0xc4df28afee88a6249c5bddd5dc6d20fea7c5d67d, 0x73996c185d7b3811de5156342cd5c9b83ebdb6374138b5ae241abae63be1d199, 3262157, 12900.0, 2023-04-01 17:52:54, balances, transfer_keep_alive
3262148-4, 0x834e4e90718673cbc3508a29877b20c5c2ba2417, 0x0d0f0005e2ddcfb8dcf087e4386cf5d3fe02227c33cfdf9a7981479075f92b7b, 3262148, 13000.0, 2023-04-01 17:51:01, balances, transfer_keep_alive
3262144-5, 0xfbb4f5e6649bf46177728f6aea048efee640a706, 0x9d58610c5817db7053100ec308062fb938634341235ef74f9974e8e1ddd9644d, 3262144, 12900.0, 2023-04-01 17:50:12, balances, transfer_keep_alive
3262137-4, 0xb9662aa0adbf57d5b74cf39b621e90e45982749e, 0x0010c63d7a8d8c7af6e2f53c9850362b1b856749c1302f3577606d22ee978784, 3262137, 8598.0, 2023-04-01 17:48:48, balances, transfer_keep_alive
3262120-4, 0xb9662aa0adbf57d5b74cf39b621e90e45982749e, 0x5fead2364eac24e476cd5024a657db00bcacb9695627567d827b624d0144f535, 3262120, 1000.0, 2023-04-01 17:45:24, balances, transfer_keep_alive
3258690-4, 0xebce5b967361f92642b397ec8498a2cbe48eecd8, 0xb568079f8129bb19cc7d3d0534f015cfa509b18729e7e77debab3812967df83b, 3258690, 780.0, 2023-04-01 05:53:18, balances, transfer_keep_alive
3258471-4, 0x827b5c37ac48475f95d80793fb68c32efe11d87d, 0x474d8a39de49095a505c29d954516d637c80fb33a6ac8dd3cb85090344669627, 3258471, 184.0, 2023-04-01 05:06:54, balances, transfer_keep_alive
3257047-4, 0x9ff7752b466145cbe57f4f88223d13b60b335295, 0x5a7217119418c2218ca8d54663d955c7da0622dba5c1768ce23f9140fe997df7, 3257047, 12614.0, 2023-04-01 00:04:24, balances, transfer_keep_alive
3257043-4, 0x084c922ae4529606d18d40fbc6cb2765f70c28e1, 0xddcb7b4fede29886f55ee139e7ca1788af4aacff0e125022b1e26da6df6e676b, 3257043, 12897.0, 2023-04-01 00:03:30, balances, transfer_keep_alive
3257038-4, 0x2e89c950c2eba16c117ce30a5ba63ed2997a0946, 0xfcbf7e8ff22f3d4471b8941ec0401be01d9da14eede24e4ea57767618eab76af, 3257038, 5917.0, 2023-04-01 00:02:24, balances, transfer_keep_alive
3257034-5, 0xdf9a4d88f27dc0504a13cd6397429f9c23632ca3, 0xff841eb3cf01982f12f662a8961d78fa1bc29e401f6327b5a58dd0d76b9f1ce3, 3257034, 6008.0, 2023-04-01 00:01:24, balances, transfer_keep_alive
3250305-4, 0xaec2e45d86f35ef67cf99555f056e6b640779a03, 0xc3e2d982b1a1bb92d80a7c7daa1dfcb796f6697dd9efd603a4133c77a0bd70b8, 3250305, 2158.0, 2023-03-31 00:26:06, balances, transfer_keep_alive
3250138-5, 0xd1d8106851769b05906160ed0d4244cc60aa72e8, 0xb0fe1400b224429a762ccac9a8e1d56978573ad97cca0ef1e700a21a883caa63, 3250138, 3865.0, 2023-03-30 23:50:42, balances, transfer_keep_alive
3249310-4, 0x1711cc2acbcdb7b638a942d5d6ce1b93455b531a, 0x8dd80dbef7e340163cfd917b8d480bcde16a9da8a1926a00c424595e454c469e, 3249310, 0.0, 2023-03-30 20:57:11, balances, transfer_keep_alive
3249305-4, 0x1711cc2acbcdb7b638a942d5d6ce1b93455b531a, 0x8268945436ed4666fb80b947375ccdd060aec1b867df0bf7fa27c94c0871c39a, 3249305, 0.9, 2023-03-30 20:56:12, balances, transfer_keep_alive
3249269-6, 0x1711cc2acbcdb7b638a942d5d6ce1b93455b531a, 0x2872309f4138d866c7bf7aef7c4452eee8cbf625f54c6e300d386aa2b9e2cde8, 3249269, 20.0, 2023-03-30 20:48:42, balances, transfer_keep_alive
3248506-4, 0xf1211b50e16402a00bd856a1eb6f89bd822df8e7, 0xcdc85c3827dc76bc1b9bae19c42bd55ea992d81e4f18624bb79d3094a08a838d, 3248506, 1199.74, 2023-03-30 18:07:12, balances, transfer_keep_alive
3247752-4, 0x7211a1fc43cecab5e19f01cc5225ec0adde9c393, 0x4d1e2a2f2cf8dd20365b99707f25f8a2df9837311173aa29c95ab2cad71fae44, 3247752, 29.0, 2023-03-30 15:27:30, balances, transfer_keep_alive
3247160-4, 0x5c68ce6100f980ced708bd89cce028840ac6bda9, 0x2f10bbd03efc206ab733c688b5e8beb9b1a88c2463cf98f70cffb7fa218a1fd6, 3247160, 1844.0, 2023-03-30 13:25:36, balances, transfer_keep_alive
3244862-4, 0xabbed75d32f138e6b3366613dcd01a96e8b61b58, 0x2e526095c85fa017af3365b2e68e3fdffbc2aa7ea0df5f992f02fc70da04cdd2, 3244862, 750.4, 2023-03-30 05:33:06, balances, transfer_keep_alive
3244861-4, 0xabbed75d32f138e6b3366613dcd01a96e8b61b58, 0x4b81e36cc2d2b7442c55d93b988a0815f33a33fbc84c26c36cfd3c5902b9f15e, 3244861, 576.7, 2023-03-30 05:32:54, balances, transfer_keep_alive
3242826-4, 0x2a07ffba36a17d1ea4771f56b463b578512f7293, 0x69c7afe586a7ebd3db60a0a9fdda89a054ecea3ec544788ea19be80fdfe45ded, 3242826, 100.0, 2023-03-29 22:29:54, balances, transfer_keep_alive
3242742-4, 0x7a6a051d542040155c41eb599e995427bf672b4d, 0x64629e8dc11d6ba32375e8bdad86822cbc0fd50f08bf905261138731581e9bb5, 3242742, 479.0, 2023-03-29 22:11:54, balances, transfer_keep_alive
3241714-4, 0x93a72a30a587fe25e4f7595dd07fa4d1dbd13555, 0x2a955ff81b4259b815d8362a0327651bb398db19a0cbf41cfbfb33f630932fc0, 3241714, 96.0, 2023-03-29 18:40:24, balances, transfer_keep_alive
3241264-4, 0xbcdc6f853927e89032d10bf078ae32a18c02b321, 0x37c709b3ba131749d26c1610e94d411a1a1b2026e1a191d9b5b0fba84eb0089e, 3241264, 1.0, 2023-03-29 17:08:24, balances, transfer_keep_alive
3240615-4, 0x728507ec8f967bcb5faff3d238059ce1eb99b828, 0xd95fd2464ce26bd8cf7e7fd1fdb1da3cc0a698218135c70c96c25a814782985b, 3240615, 15500.0, 2023-03-29 14:56:00, balances, transfer_keep_alive
3240048-4, 0xec6d8ca610a7bf056184332f1d10e00c11d74dad, 0xdc302d72a0f78ce0b80e040b4b957f0d22ad0152e893e6ef524cdc96ff58a2e8, 3240048, 75.0, 2023-03-29 12:59:06, balances, transfer_keep_alive
3237725-4, 0x4b1f83b9e0a6912713ea1e1864610257dfc2c1df, 0x8b2132fea9f8025fa7c05cb18c18b5200c5c46d2251af46fb001de4801ba36e9, 3237725, 1.0, 2023-03-29 05:00:42, balances, transfer_keep_alive
3237317-4, 0x9ced08e436a468668caa25e0a7907acf5588d595, 0xa07151aaed49ed07c79b4b9708e05d6ce3cb3baaf736cd8373c557849c395c03, 3237317, 1.0, 2023-03-29 03:35:42, balances, transfer_keep_alive
3236755-4, 0xf066aa68bf435ad95a39d0d9cb460b12d3dbb936, 0xce5eb1847ff6df3aa181187a40de9f56366246571c5af84ab813b46086f18e8a, 3236755, 411.0, 2023-03-29 01:39:06, balances, transfer_keep_alive
3233542-4, 0xb9662aa0adbf57d5b74cf39b621e90e45982749e, 0x126cab90bee1e946ce7f7e9b4958085b39473dcae696c6a026d374bc99f8b472, 3233542, 44.0, 2023-03-28 14:30:12, balances, transfer_keep_alive
3233480-4, 0x9ced08e436a468668caa25e0a7907acf5588d595, 0x1fa0e821480c2159d297bff623b66ebcacb900c0b8e7f65a28b62bc17ac44879, 3233480, 45.0, 2023-03-28 14:17:36, balances, transfer_keep_alive
3230398-4, 0x8730b791ee9fd8abf80caa654f4e4c5626ddbeee, 0x7f03b65a855e174403c32c8550621f82b5f54d80d1ed32ebaf2f9b70f926b0de, 3230398, 2877.0, 2023-03-28 03:45:24, balances, transfer_keep_alive
3229302-4, 0x8a4b5f5063d2161695cd8df68e5c8d315afa4b09, 0x04ed4f8efe4423e0e78b25571d2f7e1507687eb8fc5f2e47a8199cb4e1a10814, 3229302, 47002.87216, 2023-03-27 23:57:24, balances, transfer_keep_alive
3228840-4, 0x832facd95a6b9e46459d79e6b56742a25224564b, 0xa59b5ddde039db454c4ad61b427d9624509752dbdfbb14453f16e04955363dc7, 3228840, 0.04, 2023-03-27 22:20:36, balances, transfer_keep_alive
3228830-4, 0x832facd95a6b9e46459d79e6b56742a25224564b, 0xea84d933daf8260ba1c9236a179c285f32826b104d1c7a41b0ec7beea8302107, 3228830, 0.03, 2023-03-27 22:18:35, balances, transfer_keep_alive
3228822-4, 0x832facd95a6b9e46459d79e6b56742a25224564b, 0x1bd3a38aace1cf5fdc15375fcf86450457aea6f5cae8fd10c934ded29bf3414c, 3228822, 0.02, 2023-03-27 22:16:54, balances, transfer_keep_alive
3228808-4, 0x832facd95a6b9e46459d79e6b56742a25224564b, 0x8c71430be76755e6aea05523323ca155e904e0a037a75858639925affba967e0, 3228808, 0.01, 2023-03-27 22:13:48, balances, transfer_keep_alive
3228733-4, 0xb9a533c99ddd4c8cdabb6a0fbfa7022009e30484, 0xd3d3fab94046c2c1d333eed4ea6e9e3d67f0deb1c9d3051875bb42857f0ae110, 3228733, 0.0, 2023-03-27 21:58:24, balances, transfer_keep_alive
3228058-4, 0x02b8d54a9a7b4f408a5d46d7f9ff1b5f1d370504, 0x2c6fee3e00b5a7bdb70abb53dfb0fd44f0fd696fea458f72da7aef9238c78a68, 3228058, 3040.0, 2023-03-27 19:39:12, balances, transfer_keep_alive
3227529-4, 0x93a72a30a587fe25e4f7595dd07fa4d1dbd13555, 0x4d8125030e6c122bf434118bd76d816dd5a4f8463577f311ac001053933c085d, 3227529, 110.0, 2023-03-27 17:47:54, balances, transfer_keep_alive
3226216-4, 0xec6d8ca610a7bf056184332f1d10e00c11d74dad, 0xaa4d7bac205307bb02e39241d9124ca6b060c20302279268c3510bb423547317, 3226216, 131.0, 2023-03-27 13:16:42, balances, transfer_keep_alive
3222789-4, 0x4909b9c2483a955220e57cf3a7d8c10f6f4e7cde, 0x34acae064e6b84eb85a9d197c51ae3955c8934bee299f9fb49d323ba20db0baf, 3222789, 130.11955, 2023-03-27 01:32:24, balances, transfer_keep_alive
3221007-4, 0x2c240de826ccd22b02541d15715ebb3ad8592115, 0x22d4a0a8b1dae5f84b934ce9812f8088fdea8f7feeb642c426286f3cb6d70ff1, 3221007, 15.0, 2023-03-26 19:21:36, balances, transfer_keep_alive
3221005-4, 0x56f3f388f0915078f3a7fe4705c2ccb22c19e3eb, 0xe645a1d2434089aad106ce6e95a1c632a034ad7093b9121f5620c7ce5fabdfa1, 3221005, 48.0, 2023-03-26 19:21:12, balances, transfer_keep_alive
3221003-4, 0x959ed569f422adcdb662a7e74e2eedbc860c9649, 0xc1ec5433c975e8270337fe23ea0d6fcd25ab8e03875706eebb2c2ec3ba98c872, 3221003, 189.0, 2023-03-26 19:20:42, balances, transfer_keep_alive
3220918-4, 0xca98d4378393040408100f490bf98b03f5e7deb7, 0x4611f0e605814f8b92107a117d30abdab916a24dacb89ddcef6bd98aadce4b82, 3220918, 7302.0, 2023-03-26 19:02:59, balances, transfer_keep_alive
3219940-4, 0x93a72a30a587fe25e4f7595dd07fa4d1dbd13555, 0x44a04d24bc9bc69e18a1507fde8b94fa5ea3ec8632ef992db63ea950c841debc, 3219940, 244.0, 2023-03-26 15:39:36, balances, transfer_keep_alive
3219870-4, 0xec6d8ca610a7bf056184332f1d10e00c11d74dad, 0x41f0fa0cf88b4c2cd296b15295aadce731ac2ee8a643fdf8fff2c1f74c741425, 3219870, 206.0, 2023-03-26 15:25:00, balances, transfer_keep_alive
3217383-4, 0xabbed75d32f138e6b3366613dcd01a96e8b61b58, 0x57d2d521d2ae6c5e0e8d51aeab96c8f46863f7ee8782c1947f393fbb61196ac7, 3217383, 133.3, 2023-03-26 06:50:00, balances, transfer_keep_alive
3217382-4, 0xabbed75d32f138e6b3366613dcd01a96e8b61b58, 0x77e3d37a287ba8c3ee9dd7bbdc9440f5dc1ec51ff4716285c849e8afa989b8a8, 3217382, 469.7, 2023-03-26 06:49:48, balances, transfer_keep_alive
3217381-4, 0xabbed75d32f138e6b3366613dcd01a96e8b61b58, 0xec730c9efcb8a12ffdef074534125546e3f635e55dd97c93a89b86ccbdd05dfd, 3217381, 628.8, 2023-03-26 06:49:30, balances, transfer_keep_alive
3217380-4, 0xabbed75d32f138e6b3366613dcd01a96e8b61b58, 0x1b09492921a58123c5f5201de15ee3232228b7aef5913784a58d592184feef94, 3217380, 818.2, 2023-03-26 06:49:06, balances, transfer_keep_alive
3216720-4, 0x5c68ce6100f980ced708bd89cce028840ac6bda9, 0x711c5167fc322db1f881b9fefce98ac81ac7a311bd6ef42163515bf24666a0ab, 3216720, 493.0, 2023-03-26 04:32:00, balances, transfer_keep_alive
3215898-4, 0x02b8d54a9a7b4f408a5d46d7f9ff1b5f1d370504, 0xae278e57f65219e24267071148933592e9892d4a2b1c0dd3f18d900179289ead, 3215898, 50.0, 2023-03-26 01:41:12, balances, transfer_keep_alive
3215894-4, 0x02b8d54a9a7b4f408a5d46d7f9ff1b5f1d370504, 0xba8e0db5007abf51dcb329ab1706fc1aa3c56d3838fae088f456ae27c5e41bf5, 3215894, 25.0, 2023-03-26 01:40:24, balances, transfer_keep_alive
3215810-4, 0x02b8d54a9a7b4f408a5d46d7f9ff1b5f1d370504, 0x4852730d0818fc041e577b10ca4e586a6b877185b05e750fd7624a55d21931c1, 3215810, 25.0, 2023-03-26 01:23:18, balances, transfer_keep_alive
3213923-4, 0x4e76edd399d2e2a4c6e4d11ccd927f094b681fed, 0x37b358fb5d89954df81e524fe0eddd2c6a20184112a07c48cef1ba16f16dd4f9, 3213923, 1.0, 2023-03-25 18:50:00, balances, transfer_keep_alive
3213405-4, 0x9ced08e436a468668caa25e0a7907acf5588d595, 0xb2132dbe718b03a5062741a4378d0e44a1beeec4e9e08ac870c25d7c55907209, 3213405, 2207.0, 2023-03-25 17:03:18, balances, transfer_keep_alive
3212942-4, 0x52422a4ac7acecc1a096fecce01aaab404ae7ba4, 0x47adeaedcac8a94c0264fbab4131fc4676cd8e651899b43ac9cc07538d79a1d3, 3212942, 917.0, 2023-03-25 15:26:18, balances, transfer_keep_alive
3210164-4, 0x5c68ce6100f980ced708bd89cce028840ac6bda9, 0xf8567a5a3d9073093fa3f0852ead7f8dd67a18714ee5e16077490624d30b8bad, 3210164, 445.0, 2023-03-25 05:51:48, balances, transfer_keep_alive
3202766-4, 0xb9662aa0adbf57d5b74cf39b621e90e45982749e, 0xf8237640ee53922fcb2d78fa8ec5f65154695f9b0cd9a4cbf93f69b7b8d79e88, 3202766, 500.0, 2023-03-24 04:08:48, balances, transfer_keep_alive
3202687-4, 0x5c68ce6100f980ced708bd89cce028840ac6bda9, 0xaa861a91ee7826600518539856a9d5deb800c86ef85ff9bf412b65bc904c76a3, 3202687, 492.0, 2023-03-24 03:52:42, balances, transfer_keep_alive
3201821-4, 0x7211a1fc43cecab5e19f01cc5225ec0adde9c393, 0x2e7505b2382bb28edbeef137341d7dd8906b9322dd28bb41efa84e66ee240730, 3201821, 29.0, 2023-03-24 00:55:30, balances, transfer_keep_alive
3201011-4, 0x23ba3f683cdd1733b193ebbc965311a2a882e0c3, 0xee3e3577e2d1660a0c2023ab783585aec8d454c9067c89b2169886e785fb4440, 3201011, 1.0, 2023-03-23 22:10:36, balances, transfer_keep_alive
3200989-4, 0x23ba3f683cdd1733b193ebbc965311a2a882e0c3, 0x7c050460b27c7fae113740a94c9e04156b3f34dd4f7e06f2094be56696cb3d0e, 3200989, 1.0, 2023-03-23 22:06:06, balances, transfer_keep_alive
3200788-4, 0xf1211b50e16402a00bd856a1eb6f89bd822df8e7, 0x4a1053904e3b686790e7e895bbea35cf1b049c8bd20b83a30a8b8c01572b470d, 3200788, 1209.74, 2023-03-23 21:23:48, balances, transfer_keep_alive
3199428-4, 0x340d8261a3f5941f2454b973d83028947566e231, 0x6a130caab538e51c9ae3724c35298f8b64ccfe2f430ff42318bc116265e2b6bd, 3199428, 1.0, 2023-03-23 16:43:42, balances, transfer_keep_alive
3195906-6, 0xb9a47d1edf71bb1f06a4560d9609c9973fc963e0, 0x1292f87d9ca078e2b8201fe706698605bf695ca160a98e624b03b2c737eed361, 3195906, 1.0, 2023-03-23 04:43:06, balances, transfer_keep_alive
3195896-4, 0x5c68ce6100f980ced708bd89cce028840ac6bda9, 0xb9f83ba7206a7f9b94b6af05b0a55cfd1165d9a3b579f32a07945816ed29124c, 3195896, 888.0, 2023-03-23 04:41:06, balances, transfer_keep_alive
3195865-4, 0x4b1f83b9e0a6912713ea1e1864610257dfc2c1df, 0xc73b5d565ec7b073f31df2fe81ec6e6b33605e7f97d4120b4e0b75b2c2a0f7f6, 3195865, 1.0, 2023-03-23 04:34:54, balances, transfer_keep_alive
3195077-4, 0xf066aa68bf435ad95a39d0d9cb460b12d3dbb936, 0x4efb3a8949ca19fc894b0879f3ed3f517e29011daf26a1add00826f23143e94f, 3195077, 235.0, 2023-03-23 01:49:18, balances, transfer_keep_alive
3194840-4, 0x93a72a30a587fe25e4f7595dd07fa4d1dbd13555, 0x8d0c75b565c776906493147d6ac7e95b586ca32c8a4818f8306d5f5ee901253a, 3194840, 218.0, 2023-03-23 00:59:18, balances, transfer_keep_alive
3194786-4, 0x3943130c27c21da445eaea16284092f8b2c1e236, 0x63c2797dd94e3292653d8b6313ea6776e7094a4090ee073a65f22f7995967e1b, 3194786, 2.6, 2023-03-23 00:47:42, balances, transfer_keep_alive
3194135-4, 0x832facd95a6b9e46459d79e6b56742a25224564b, 0x484da9122b7e880791acd5c7c551b51074d1add8e04b5073c787f4210a59d5c9, 3194135, 0.4, 2023-03-22 22:29:54, balances, transfer_keep_alive
3194124-4, 0x0dd4846d6e294e6fafe0bc9c78bb17550c27efe6, 0xf8cd46742c7afbd7e3da0576db503dbd58645d62dd61e9071889809908f5d37c, 3194124, 0.5, 2023-03-22 22:27:24, balances, transfer_keep_alive
3194003-4, 0x23ba3f683cdd1733b193ebbc965311a2a882e0c3, 0x4a6a9e5a3094411c073f205a864716ba51c9210f4cb8fc1b6a5418e89b6b85b0, 3194003, 0.2, 2023-03-22 22:02:00, balances, transfer_keep_alive
3193672-4, 0xdc137fbd4e5ff57110a250c2dda1d505faa18c2e, 0x9937b8939178fc99972468ffaa1d21fd2f15f19fe301cd168b7e7003f6472283, 3193672, 23.0, 2023-03-22 20:53:53, balances, transfer_keep_alive
3193142-4, 0xec6d8ca610a7bf056184332f1d10e00c11d74dad, 0x119b58df697b0e404db7716bf0684b7748f9e34fa8c362e762ce989cbf64e6f6, 3193142, 147.0, 2023-03-22 19:04:00, balances, transfer_keep_alive
3193016-4, 0x7a6a051d542040155c41eb599e995427bf672b4d, 0x7dcd715212b3a7c1d3a3cf1cd5bf05dadbb04cdd00632146ceb8c7ebbbe25373, 3193016, 651.0, 2023-03-22 18:38:18, balances, transfer_keep_alive
3187288-4, 0xec6d8ca610a7bf056184332f1d10e00c11d74dad, 0xa1b2125479c5e5b416e88a58424daad0f7af7457b1faa6123750b68f84f02365, 3187288, 67.0, 2023-03-21 23:06:00, balances, transfer_keep_alive
3182518-4, 0x5c68ce6100f980ced708bd89cce028840ac6bda9, 0x830f0767403cee4c7bdc67718baed7bf739628ce341499296e1a66a9215aafe8, 3182518, 845.0, 2023-03-21 06:40:00, balances, transfer_keep_alive
3181968-4, 0x23ba3f683cdd1733b193ebbc965311a2a882e0c3, 0x2713307f8af73976c6f2f91c8b62b76955e7e3b1fcbf8eec329ad9addf142848, 3181968, 0.01, 2023-03-21 04:48:12, balances, transfer_keep_alive
3181961-4, 0x3fe29cd1b671348ae86663754fb0e731a557279a, 0x95a4c2fc8f0da18235c20b9278151f29c5abaa3e184b1922234a1f1a1bdfd935, 3181961, 999.0, 2023-03-21 04:46:36, balances, transfer_keep_alive
3181860-4, 0x9a1d9cde377ecce004399a7d704d7e30cb8d72ed, 0x37d290d3d6b59156b49af52e21c6a55c142d410c34b16c71edf97f1fcc9f4306, 3181860, 3888.0, 2023-03-21 04:26:07, balances, transfer_keep_alive
3181834-4, 0x23ba3f683cdd1733b193ebbc965311a2a882e0c3, 0xfa58e0adeead35becfd2bcdd5a57967fa7fd05016e984470fb0d05aa6e82126d, 3181834, 1.0, 2023-03-21 04:20:48, balances, transfer_keep_alive
3181803-24, 0x7eae76884ba0f9bf8e15fc5e85c3568b109f98e5, 0xe9d47ec7ae9953a823043ed778a821025329599556bc809dcb35307afa18b7f5, 3181803, 4050.0, 2023-03-21 04:14:36, balances, transfer_keep_alive
3181767-4, 0x8730b791ee9fd8abf80caa654f4e4c5626ddbeee, 0x689397b511e9f3c32def19af411caa781f31d16c2d4d913b931a68910860a8ff, 3181767, 2788.0, 2023-03-21 04:06:54, balances, transfer_keep_alive
3181036-4, 0xd1d8106851769b05906160ed0d4244cc60aa72e8, 0x70c09af3f0451cc4ab191275d232956b062d1e35c661da14412feea651bb9478, 3181036, 8183.0, 2023-03-21 01:35:48, balances, transfer_keep_alive
3178944-4, 0x1d4dd1bd8d1f26b631b69396a9cbf7bf7c373073, 0x40a14117f13453a0edb64d38a3f9b11de44c02f1f7c0628b4c8bbe7943b858ac, 3178944, 6780.0, 2023-03-20 18:25:48, balances, transfer_keep_alive
3178928-4, 0xacacfbbc4916e05e076e6addece7cfb718184217, 0xcfc6b227a7b480394c16cd512f5b24ee8d5b1c0711a7acbdd9e3692b707aaec8, 3178928, 20.0, 2023-03-20 18:22:24, balances, transfer_keep_alive
3178317-4, 0xa2f189faeaff1a38575994c41d6050c3799dbf40, 0x4ed319d9d8d35c4580388c7b868accdcac035fc3eff72f59a6a6d23c1c285aa8, 3178317, 100000.0, 2023-03-20 16:17:42, balances, transfer_keep_alive
3178308-4, 0xa2f189faeaff1a38575994c41d6050c3799dbf40, 0x564fb1617431f6de85460093afc5b96abbb85ba2199e01fba7dfc42c1bfc0c29, 3178308, 9000.0, 2023-03-20 16:15:54, balances, transfer_keep_alive
3178293-4, 0xa2f189faeaff1a38575994c41d6050c3799dbf40, 0x6fc4b2d77418107af4292aa1193bc685e1e37ffe949e674e5f9dc3d38c221fa1, 3178293, 1000.0, 2023-03-20 16:12:42, balances, transfer_keep_alive
3177999-4, 0xacacfbbc4916e05e076e6addece7cfb718184217, 0x0ee3135678c37ec7ec99a45c0961d1185d915bf1b9268fe5ccf893a4a165e113, 3177999, 5.0, 2023-03-20 15:13:00, balances, transfer_keep_alive
3176827-4, 0xbb1e1722513a8fa80f7593617bb0113b1258b7f1, 0xc807fde9fecd133fcba978f980cade84bd7bd92608324de88d35146937257b1e, 3176827, 512.0, 2023-03-20 11:14:42, balances, transfer_keep_alive
3175306-4, 0x9ced08e436a468668caa25e0a7907acf5588d595, 0x19f13b5cbaf274087ad6d85fc3dc8531aa6fbb3d314992bd3d681414f3f22604, 3175306, 930.0, 2023-03-20 06:04:42, balances, transfer_keep_alive
3174587-4, 0x959ed569f422adcdb662a7e74e2eedbc860c9649, 0xfc8f5888c9b857f21fbc52912553af64c5f5a543a9661ebbd79e3d4fdd97c653, 3174587, 1301.0, 2023-03-20 03:37:36, balances, transfer_keep_alive
3174259-4, 0x18ee304c1942f1650be0432c62aabfdb7594ab42, 0x72bca285cd954a58e824aa88ce137495804a1c20c7af6737e84537be5f8a610f, 3174259, 1000.0, 2023-03-20 02:28:36, balances, transfer_keep_alive
3173496-4, 0xcc2314e174f5f40fed9e2768459e2513240d50d4, 0xb5caf61b302d62d956e663949c0bf66719d7c1df2aaa87063cfef32aa360d114, 3173496, 10.5, 2023-03-19 23:48:36, balances, transfer_keep_alive
3173060-4, 0x2185e7531a57c45416c78d2cc3b1c768df6395f0, 0xa9b8af3dd67a9aa3a136a9dd5f27b0994961ece3ee689b6d412feb47bfed98d8, 3173060, 8150.0, 2023-03-19 22:18:42, balances, transfer_keep_alive
3173056-4, 0x2185e7531a57c45416c78d2cc3b1c768df6395f0, 0xa5c43077ce9b630fe3750a16ed81e72029b80aa2b7614ccaf25a3037aea42a11, 3173056, 4075.0, 2023-03-19 22:17:48, balances, transfer_keep_alive
3173013-4, 0x2185e7531a57c45416c78d2cc3b1c768df6395f0, 0x7474e0eb71eb5b1b66c048766e521362a14529cc49c76757766f86afc924cad2, 3173013, 3013.0, 2023-03-19 22:08:54, balances, transfer_keep_alive
3172979-4, 0xf066aa68bf435ad95a39d0d9cb460b12d3dbb936, 0xe29a2cafbd021135f6a9a269506f519605e288007e8288891f53f6ad0fc2c424, 3172979, 180.5, 2023-03-19 22:01:54, balances, transfer_keep_alive
3172894-4, 0x93a72a30a587fe25e4f7595dd07fa4d1dbd13555, 0x233f360803b8004421a5e4b48b1dc70b5ece2182930b783c05b0a5a952516189, 3172894, 110.0, 2023-03-19 21:44:12, balances, transfer_keep_alive
3172047-4, 0x429c49e88beb6f0000c49a6ec1920d40f82914a3, 0x1dacf8617a83e0d5400be07d7fadd4b9fb1fc1e7f4619964bc7f6d1eb2610056, 3172047, 134.0, 2023-03-19 18:47:30, balances, transfer_keep_alive
3171142-4, 0xec6d8ca610a7bf056184332f1d10e00c11d74dad, 0x16c5f4a72cd71f72959ebdc334cd2e6fc2afed4a38246061d391b4eb56492ad5, 3171142, 114.0, 2023-03-19 15:40:00, balances, transfer_keep_alive
3170773-4, 0x25738e4a4a78f11fb54f19f9520b324136c1c1e6, 0xfebcde4cd547755e992ba41432742289fb3f2c55f9ffa41510cc511d9e9fb4f9, 3170773, 500.0, 2023-03-19 14:23:54, balances, transfer_keep_alive
3168345-4, 0x5c68ce6100f980ced708bd89cce028840ac6bda9, 0x3530ac34bb318486a8dedbbc314a14b580d80f7b1f398c792a89d644b42bfd58, 3168345, 1043.0, 2023-03-19 06:05:24, balances, transfer_keep_alive
3167637-4, 0xde7999b63df67a9ca6d8d5dabcccc041d871b59c, 0xab74692326750e096784d4ba646d09f5f4f17be3780f3e23db3967df8bfcd93b, 3167637, 500.0, 2023-03-19 03:40:30, balances, transfer_keep_alive
3166516-4, 0xde7999b63df67a9ca6d8d5dabcccc041d871b59c, 0xd5bdd811f53e27ed294e7c12ba1077decdaf155737b2df7a45b8f3c6476a8926, 3166516, 12.0, 2023-03-18 23:48:18, balances, transfer_keep_alive
3166508-4, 0xde7999b63df67a9ca6d8d5dabcccc041d871b59c, 0xb6aff013b02a475d2df7e8e54549d03f520516f9b3736bc9b506f9b10df7ae0e, 3166508, 3.0, 2023-03-18 23:46:42, balances, transfer_keep_alive
3164545-4, 0x35e55354e47248cb3aa46dc24c55c1f08c6ba04d, 0x8e5bcfd1456e7dba429c11b536f14de9e903cdb4b30fdb3c44b7ac91ba6bf1f5, 3164545, 150.0, 2023-03-18 16:59:30, balances, transfer_keep_alive
3164538-4, 0x35e55354e47248cb3aa46dc24c55c1f08c6ba04d, 0x623e85ed840f16f0be40fa8a354c0e0441e15fbf31ae085949cfdc54a8683092, 3164538, 0.01, 2023-03-18 16:58:06, balances, transfer_keep_alive
3164479-4, 0x2c240de826ccd22b02541d15715ebb3ad8592115, 0x424af21626b543a684e60a33110cd255a098522046f0441ae55d19a2035be599, 3164479, 18.0, 2023-03-18 16:45:36, balances, transfer_keep_alive
3164473-4, 0x56f3f388f0915078f3a7fe4705c2ccb22c19e3eb, 0x40535a004a3aa694f2d16631853f13e5278d742be8cb3a8da58342e13799444e, 3164473, 30.0, 2023-03-18 16:44:24, balances, transfer_keep_alive
3164469-4, 0x959ed569f422adcdb662a7e74e2eedbc860c9649, 0x7886745a4f551bb45b5bb1a926658d2068a2c09e5f6a7c6324aba33cf9af8461, 3164469, 118.0, 2023-03-18 16:43:36, balances, transfer_keep_alive
3164399-4, 0xec6d8ca610a7bf056184332f1d10e00c11d74dad, 0xcccf235d33388d1d79cfec73fa8869b1f5af08b8f006211a5f702d17558beee1, 3164399, 122.0, 2023-03-18 16:29:24, balances, transfer_keep_alive
3164393-4, 0x93a72a30a587fe25e4f7595dd07fa4d1dbd13555, 0xd1e0e7ce6650aba5f2314fbd21e9f7c15fa97ed11bdc3c7dd71675af988715c5, 3164393, 96.0, 2023-03-18 16:28:12, balances, transfer_keep_alive
3160727-4, 0xa2f189faeaff1a38575994c41d6050c3799dbf40, 0xec2fb4f8541bd52502b064e0996d2ca9193aed7e00c00ae1d18223e426ed5119, 3160727, 3.0, 2023-03-18 03:54:18, balances, transfer_keep_alive
3160296-4, 0xebce5b967361f92642b397ec8498a2cbe48eecd8, 0x576154df411b92b002533a9fde2597c27c38d47a14a31a28dfef9050fadf3262, 3160296, 15.0, 2023-03-18 02:25:36, balances, transfer_keep_alive
3160197-4, 0x16880c268880601fb4d226dcd643a1f98fdfa0a6, 0x26057842d15ea78877e5acdaf00666ccd3e12fb85eba873d2d2e039e72daaa34, 3160197, 0.13662, 2023-03-18 02:05:00, balances, transfer_keep_alive
3160192-4, 0x832facd95a6b9e46459d79e6b56742a25224564b, 0x11b0065279edfb99b6c96d392535a4f77db31b4229db13b9d0e950a0bb76c752, 3160192, 0.54648, 2023-03-18 02:04:00, balances, transfer_keep_alive
3160166-4, 0x23ba3f683cdd1733b193ebbc965311a2a882e0c3, 0x235420d651563cf046fdbfa631217a26aa26a3eff224186d998a004ff32b096b, 3160166, 0.93579, 2023-03-18 01:58:48, balances, transfer_keep_alive
3160138-4, 0xe0eddbe234e689a0a087bd930850d39c5caf6254, 0x26b88baadcf47f70163ba61600f6c348235a07eb8aad3291741818674256e074, 3160138, 97.0, 2023-03-18 01:53:06, balances, transfer_keep_alive
3160122-4, 0x23ba3f683cdd1733b193ebbc965311a2a882e0c3, 0x733038343fa70afe0080f64250f9105edcf1369fa4ab8fb15665bf53851ecaa5, 3160122, 1.24814, 2023-03-18 01:49:54, balances, transfer_keep_alive
3160107-4, 0xe0eddbe234e689a0a087bd930850d39c5caf6254, 0x73d98cc612d964c0752fe1f58d89811e67c74a4c27e1921dfa92b7c90394b93c, 3160107, 5900.0, 2023-03-18 01:46:48, balances, transfer_keep_alive
3160016-4, 0xe0eddbe234e689a0a087bd930850d39c5caf6254, 0x2968ac316ecf532f45679b67082842e307e11c3fa0847636ad3d976ff6e2fde4, 3160016, 5.0, 2023-03-18 01:28:00, balances, transfer_keep_alive
3159384-4, 0xf066aa68bf435ad95a39d0d9cb460b12d3dbb936, 0xd766939af85723528f56c25d5b014f818d5fce8eb86d4e03b050adf7f836a712, 3159384, 356.8, 2023-03-17 23:18:24, balances, transfer_keep_alive
3158563-4, 0xfe27522c648c8533f25e53cd91078b4c70c63645, 0xe60d71e7b0a499d4d0d9ab6b0e102e85ee8fddc248d1e93c44e4512f9da39f93, 3158563, 1.0, 2023-03-17 20:29:36, balances, transfer_keep_alive
3158559-4, 0xfe27522c648c8533f25e53cd91078b4c70c63645, 0x08c6674f08fbad1210d960c8a9419810e5220d150d1b930fe1cb5d7b15753166, 3158559, 1.0, 2023-03-17 20:28:48, balances, transfer_keep_alive
3158472-4, 0x73fd06abca1669725ce4eca539bf55393b228f23, 0x8b70a55afc9bddc49bbca741d31f5848f462c33e11bb72f043efb65f37a73868, 3158472, 10800.0, 2023-03-17 20:11:06, balances, transfer_keep_alive
3158175-4, 0x1a6f42a4bffd3ed429657cb4dee6c37c67876a09, 0x4a68c936333cb223f825d2615fad459eef2fc1c2f1abd5848944da7930fe4065, 3158175, 30.0, 2023-03-17 19:10:54, balances, transfer_keep_alive
3157970-9, 0xf7db2f2fd217a09e1f02659bca02a609a4b86b18, 0x3e6b8e57c178558efa8340d831bfbbf64a8e5b90129b11438e7fe28759a0049f, 3157970, 100.0, 2023-03-17 18:29:24, balances, transfer_keep_alive
3156997-4, 0x9ced08e436a468668caa25e0a7907acf5588d595, 0x29213aca82e6d2465985ca5862b46f8294f00638faa319001a227f7a3294aaa8, 3156997, 2740.0, 2023-03-17 15:10:24, balances, transfer_keep_alive
3154431-4, 0x443a5db0ffa2021e1c28ca7b2afefcff33caa40b, 0x307a2856cddffbd96d7d214bc4cbdce178409d039d65dc112b003bb2864f4857, 3154431, 1.3, 2023-03-17 06:28:06, balances, transfer_keep_alive
3153562-4, 0xb9a533c99ddd4c8cdabb6a0fbfa7022009e30484, 0x91aaf1582981e39d32b036117fe1552a2af6b2d480ff628ad57ed676787273d0, 3153562, 0.002, 2023-03-17 03:31:54, balances, transfer_keep_alive
3152721-4, 0x93a72a30a587fe25e4f7595dd07fa4d1dbd13555, 0x650dc418b35ff47ed42ff1eb21335affe148d84f3f988088c93b985395f0c1b6, 3152721, 101.0, 2023-03-17 00:41:30, balances, transfer_keep_alive
3152044-4, 0xf1211b50e16402a00bd856a1eb6f89bd822df8e7, 0xafef4ea70fc171191356281ae7a84cca4409b11c02cd582efe69f215f78ba43a, 3152044, 1179.74, 2023-03-16 22:23:48, balances, transfer_keep_alive
3151825-4, 0x1a6f42a4bffd3ed429657cb4dee6c37c67876a09, 0x9a5337e8800b1367dd3213b5eb37d9ba839c89e2347d81f19fdff1b17b5b2274, 3151825, 22.0, 2023-03-16 21:38:42, balances, transfer_keep_alive
3151759-4, 0xb9a533c99ddd4c8cdabb6a0fbfa7022009e30484, 0xeb86137ae247ff0d7d7ea869ef702ce858d6abf0ea6d1b137d1258441486dcd1, 3151759, 0.0, 2023-03-16 21:25:00, balances, transfer_keep_alive
3151752-4, 0x3fe29cd1b671348ae86663754fb0e731a557279a, 0xf2c65d0dd69499b1cd303b485cad16a25fe32ce8a7eaf2eb129ebeb6189fd026, 3151752, 2000.0, 2023-03-16 21:23:30, balances, transfer_keep_alive
3151735-7, 0x6cd7e7292ad0cef95af3021a6a396cf0ee4624f4, 0x94c1011d3f5c7f150796a07102ef92465dc8d6ea91566476f32f0919b92f203e, 3151735, 2910.0, 2023-03-16 21:20:00, balances, transfer_keep_alive
3151505-4, 0x23ba3f683cdd1733b193ebbc965311a2a882e0c3, 0x13c092707df031c47405d2581f5b282557d3bc063f318b7ac3ba6a1b9d9f0862, 3151505, 0.0, 2023-03-16 20:32:30, balances, transfer_keep_alive
3151496-4, 0x1a6f42a4bffd3ed429657cb4dee6c37c67876a09, 0x4641d80a39cfff43498b81eac6bab3fe0f05a4f271e18222218b28d8716c67c1, 3151496, 8.0, 2023-03-16 20:30:30, balances, transfer_keep_alive
3151380-4, 0x1a6f42a4bffd3ed429657cb4dee6c37c67876a09, 0x9930a81a789975d80d0f61d59f0bb87b1a68877558aad50544e040f67df24581, 3151380, 5.0, 2023-03-16 20:06:00, balances, transfer_keep_alive
3150870-4, 0x5c68ce6100f980ced708bd89cce028840ac6bda9, 0xae54803d2f67b023a85edb2e310327653f99da9fcd3a1cd32cefd90b71b7b7f6, 3150870, 972.0, 2023-03-16 18:21:00, balances, transfer_keep_alive
3150494-4, 0x7b7fdc0201a66c206a5a2d4757b54ad2af7827ee, 0x89627a59089933d7af7bc437766c4bb0d48f94d72c0aa76b32dd700c165c3793, 3150494, 23.0, 2023-03-16 17:03:42, balances, transfer_keep_alive
3149710-4, 0xec6d8ca610a7bf056184332f1d10e00c11d74dad, 0x3111beecf380360d9c5944a2a3a1894336ee8766f9a9181b9817506cc96665f3, 3149710, 126.0, 2023-03-16 14:24:12, balances, transfer_keep_alive
3148138-4, 0xf1ccf19f71d820db4cd1263516a958d3e6272021, 0x71a4f9cb77073d38ba0d83124db02c7f88ae3ffda7a976b3579ca8ef6293b11a, 3148138, 4000.0, 2023-03-16 09:04:54, balances, transfer_keep_alive
3147143-4, 0x23ba3f683cdd1733b193ebbc965311a2a882e0c3, 0x37153587313a59ffc8989db21f2228a1986babe48044cee68fbd21a316eb67fa, 3147143, 0.0, 2023-03-16 05:41:24, balances, transfer_keep_alive
3147130-4, 0x23ba3f683cdd1733b193ebbc965311a2a882e0c3, 0x21ef05e965ce84870521ac946741a26b71ec6aaa106c25e46948c38c2c015b3c, 3147130, 0.0, 2023-03-16 05:38:48, balances, transfer_keep_alive
3146624-4, 0xb54f4a9a536333f0ff9507bbde8dd31b42267c01, 0x83afc99fbae70bdafa150380749737440e30d58364f82e0d6977523afdb3d1dc, 3146624, 64.1, 2023-03-16 03:55:48, balances, transfer_keep_alive
3146571-4, 0xb54f4a9a536333f0ff9507bbde8dd31b42267c01, 0x67f9e12af331ed252e527d4351906a0e6938e8a16ab8ddc17caaf01d25e79b3a, 3146571, 0.05, 2023-03-16 03:45:12, balances, transfer_keep_alive
3146218-4, 0xa0ebf87cb5bff0119658da58bcbce777c3aa6d87, 0x94824b94be146b69305515fbf75c0995c2df736478906712462185fb3d3ce86c, 3146218, 310.0, 2023-03-16 02:32:36, balances, transfer_keep_alive
3146166-4, 0xef0820040fc3a01e69d1aaa8271e5c8afaadfec7, 0x02e340974e7f926182f56df593be5a9f86e107d386eeadeef5da1c08b355e4a4, 3146166, 301.0, 2023-03-16 02:21:48, balances, transfer_keep_alive
3145580-4, 0x7211a1fc43cecab5e19f01cc5225ec0adde9c393, 0x326e6afdd4359d47662ac63c59dc2177b2772bc7974beebe5d127c2dc611885a, 3145580, 90.0, 2023-03-16 00:21:42, balances, transfer_keep_alive
3145181-4, 0x3fe29cd1b671348ae86663754fb0e731a557279a, 0x973a8e97452d5c53ee5fc1f70c6d96af6d19982fd998a0c14c9edf765510e5ef, 3145181, 1332.0, 2023-03-15 22:58:36, balances, transfer_keep_alive
3144439-4, 0xc2f12277d366b3fc84ba270252e53f126dc074e4, 0x4f7fe0b3fde797661dfb34fd15f7c4811240fd4c4f3eaa21e3f063bedcd17cd5, 3144439, 1.0, 2023-03-15 20:24:30, balances, transfer_keep_alive
3144351-4, 0x9954a1fe2fa45a4efb0080c4dc3ef7169f3019cc, 0xe3c9c7f06dc21263584e823ef236520d97d61d1b5560f1cf9065f865cbcf7d6a, 3144351, 1000.0, 2023-03-15 20:06:24, balances, transfer_keep_alive
3142650-4, 0x93a72a30a587fe25e4f7595dd07fa4d1dbd13555, 0xba5037f5c8d7442c10b126f2e33883447c23b00359086f3dd59bc1000fcd2f81, 3142650, 101.0, 2023-03-15 14:15:30, balances, transfer_keep_alive
3142158-4, 0x0198d3053a69c3f977bb1943bc95a0ffa7777474, 0x6615404787383dac06b40c9609832b201d5c21578374b12321204ec3a76f0cfd, 3142158, 3826.0, 2023-03-15 12:35:36, balances, transfer_keep_alive
3139834-4, 0x2185e7531a57c45416c78d2cc3b1c768df6395f0, 0x87e9197060b0e5814c1eb483c36c058b63b25da072e6f47c526ce8e8a34224f3, 3139834, 404.0, 2023-03-15 04:39:24, balances, transfer_keep_alive
3138949-4, 0xec6d8ca610a7bf056184332f1d10e00c11d74dad, 0xba9f0924f228e5a8619774b7ed683c9f5b017ce09cf6c4ad8665045988f729a7, 3138949, 122.0, 2023-03-15 01:33:30, balances, transfer_keep_alive
3138846-4, 0x728507ec8f967bcb5faff3d238059ce1eb99b828, 0x61d69786e76be0020993d32cc06270580a941cb91c7cd62a5a60f7034617130b, 3138846, 3690.0, 2023-03-15 01:11:54, balances, transfer_keep_alive
3137100-4, 0xe256a2b2cc3417e7e8c85bf6c2e9dee2f6652d5b, 0x33af580ac34703d884f5b77e1728a54f642a10d28818697a8615ce3957024ab7, 3137100, 471.4, 2023-03-14 19:11:48, balances, transfer_keep_alive
3137065-4, 0xe256a2b2cc3417e7e8c85bf6c2e9dee2f6652d5b, 0x29cb2642f7af0a2ad6e48774fac35454fa05ef8c0c3d5c3e52e87f0a85447346, 3137065, 10.0, 2023-03-14 19:04:30, balances, transfer_keep_alive
3137047-8, 0x3d0b402a00032af8b57a99f7ab0457c96bfeb37c, 0x2cfd593dd78337de8999b4e4bdcc41b70ecf23289ddb35b298f8773b12584607, 3137047, 0.05, 2023-03-14 19:00:42, balances, transfer_keep_alive
3136648-4, 0x3d0b402a00032af8b57a99f7ab0457c96bfeb37c, 0x51fe43779fb185cf80112f9e8e9054864d60539e2a1726d84933ddbcc5cdc8be, 3136648, 0.05, 2023-03-14 17:37:54, balances, transfer_keep_alive
3135614-4, 0x56f3f388f0915078f3a7fe4705c2ccb22c19e3eb, 0x5ff6f165e34cf6cd73aa50f5d4dd9582af8afedf8e2e957fd15c370defa300f7, 3135614, 28.0, 2023-03-14 14:05:24, balances, transfer_keep_alive
3135610-4, 0x959ed569f422adcdb662a7e74e2eedbc860c9649, 0xf37f142641bb6abf92dbfd5d65e0ea5557a4a9db7ad117226a90624e5e574f00, 3135610, 108.0, 2023-03-14 14:04:36, balances, transfer_keep_alive
3134477-4, 0x4c93999ecbc2033410d7bcb458867319046dc811, 0xdb4baa933abc3d73c35a265096ebbd80f2ca0f9e5db550b1a7f81754a3f6a135, 3134477, 145.0, 2023-03-14 10:12:12, balances, transfer_keep_alive
3133934-6, 0xd7fa21ed40d074a369f1e0dc56ba7e55f8ab3097, 0xbda9b4a05d9d70e9d3e29d5b409c3431b3a299b9fcc72d29429a8bf5f4a067b0, 3133934, 99.45, 2023-03-14 08:20:18, balances, transfer_keep_alive
3132940-4, 0x8730b791ee9fd8abf80caa654f4e4c5626ddbeee, 0xb278c068b6b707fa80e15b17c792ef33abe8dfc8e82ced082450bbda54521ab5, 3132940, 2586.0, 2023-03-14 04:52:36, balances, transfer_keep_alive
3132894-4, 0x5c68ce6100f980ced708bd89cce028840ac6bda9, 0xd163d86d26351bb35cf2693ae0c89067671663081466d8435c21c0a34aa84060, 3132894, 1258.0, 2023-03-14 04:42:24, balances, transfer_keep_alive
3132395-4, 0x5911e64962830ddd2749277d234c802d6a2ca58e, 0x6b66e11819d4e42407e5533f8e3a18576a0be91067b3691a2a74e3e7106b4198, 3132395, 1388.0, 2023-03-14 02:58:18, balances, transfer_keep_alive
3130248-4, 0xec6d8ca610a7bf056184332f1d10e00c11d74dad, 0x452bb5ffd69a3a024c31ed3420122b88574d3f5c9b95a223dd42aabfe43e1760, 3130248, 168.0, 2023-03-13 19:26:25, balances, transfer_keep_alive
3130242-4, 0x93a72a30a587fe25e4f7595dd07fa4d1dbd13555, 0xb8b7988c7ba8949461fb3ba1bfd5fa70c08756f9d80fd1f883b3e25a95f8e1bc, 3130242, 172.0, 2023-03-13 19:25:13, balances, transfer_keep_alive
3129444-4, 0x7a6a051d542040155c41eb599e995427bf672b4d, 0xf5f245de0417864f5f6fa42bfb0eee388bdb3a42714f5ba4b4b317ce70c538e1, 3129444, 345.0, 2023-03-13 16:30:31, balances, transfer_keep_alive
3126639-28, 0x99e88ac545fe8feff525f2a97ae1d9f78318e479, 0xcf1eee94b8b1b46617c6b55fdb64458fea898cd9853a6d959498ebe97f409e0a, 3126639, 1447.05652, 2023-03-13 01:36:06, balances, transfer_keep_alive
3126335-4, 0x9a20f28df93ac3ae73ae4e8d4e7cac17cc97e154, 0x88d5ad0533199ed38ae66d0ed1e9e0845bab5a8cacf5fa5c52ed0845611b24cf, 3126335, 4.0, 2023-03-12 21:46:13, balances, transfer_keep_alive
3126259-4, 0x827b5c37ac48475f95d80793fb68c32efe11d87d, 0x737e85fb81f86e8ed09ded40bfa4b5d6b188f15357ee3c0334e6227fe38123d2, 3126259, 305.0, 2023-03-12 20:48:10, balances, transfer_keep_alive
3123669-4, 0x3d0b402a00032af8b57a99f7ab0457c96bfeb37c, 0x07844e58afdbc0526ffed94ab162b3fc1a06d80d1dada81c731c971a6a6f76ff, 3123669, 0.05, 2023-03-12 00:02:43, balances, transfer_keep_alive
3123109-5, 0xf066aa68bf435ad95a39d0d9cb460b12d3dbb936, 0xc1fccdf4a2b0c117e2c2ffd798284543f0980c0c3de860222f0d4b536ba518d4, 3123109, 535.0, 2023-03-11 21:58:06, balances, transfer_keep_alive
3122834-5, 0x93a72a30a587fe25e4f7595dd07fa4d1dbd13555, 0x4dbd653bc29116f31ad56fa10a03f6e2b1e69d2edc833304537c36574230074b, 3122834, 122.0, 2023-03-11 21:00:00, balances, transfer_keep_alive
3122134-4, 0x3d0b402a00032af8b57a99f7ab0457c96bfeb37c, 0x593a9eb4618b19aaeaba94c5d7bc6103cd3d691900a1c9ad07404a8e214adcdb, 3122134, 0.05, 2023-03-11 18:33:36, balances, transfer_keep_alive
3118201-4, 0xec6d8ca610a7bf056184332f1d10e00c11d74dad, 0x5544085a0b8f237773c3b5f587e33ae5e4682586d671f5cf23d8b5f962b82e77, 3118201, 71.0, 2023-03-11 04:55:42, balances, transfer_keep_alive
3115000-4, 0x3d0b402a00032af8b57a99f7ab0457c96bfeb37c, 0x17e17df270b81b19ca9cd8b3c0d42b7ca9315a4582c4126bbba1328295ed92e6, 3115000, 0.05, 2023-03-10 17:51:30, balances, transfer_keep_alive
3114799-4, 0x5c68ce6100f980ced708bd89cce028840ac6bda9, 0xc11655502198f605e30209d4f4dd3af5b6b54c3d52398c21cfabeca47045c9fd, 3114799, 569.0, 2023-03-10 17:09:54, balances, transfer_keep_alive
3114771-4, 0x52422a4ac7acecc1a096fecce01aaab404ae7ba4, 0x7ff0f981ce95aad5e753ef4e25172ef8e6cc023b25401d67ec4f5c49b2416096, 3114771, 1259.0, 2023-03-10 17:04:00, balances, transfer_keep_alive
3114743-4, 0x3d0b402a00032af8b57a99f7ab0457c96bfeb37c, 0xa950149131dd2109d6998b3afdf4243017fd96cb109d25d7b5f7e01ae4658b37, 3114743, 0.05, 2023-03-10 16:58:18, balances, transfer_keep_alive
3114694-4, 0x3d0b402a00032af8b57a99f7ab0457c96bfeb37c, 0xaa186b3a283ff70f3406505618aba3228f4bed2b01fba35b69a1da1f7b911372, 3114694, 0.05, 2023-03-10 16:48:00, balances, transfer_keep_alive
3114653-4, 0x55dd145355f74f0800ee8fbbde02c1b41a0f1d0e, 0xd49952a15a9e3f85fef91492f0ed30b990e34137a04901844ba8a76ac8757dc8, 3114653, 40.04, 2023-03-10 16:39:30, balances, transfer_keep_alive
3114205-5, 0x8a4b5f5063d2161695cd8df68e5c8d315afa4b09, 0xc4e633b67e825a6c5d5b3aec83787d6961ec4462c5f56fb3cff536805bcaeb01, 3114205, 1433.26652, 2023-03-10 15:05:12, balances, transfer_keep_alive
3112813-5, 0xd7b522717a6cbe54d3d4ab67df96fcdf437eda69, 0x534e2ed581c916e979c7858b340f536be3f8184e939ccea3af7df23fa04b04e6, 3112813, 164.461, 2023-03-10 10:17:36, balances, transfer_keep_alive
3111941-4, 0x9ced08e436a468668caa25e0a7907acf5588d595, 0xed830f4470690e87239d558007594466888f006b1264f881ed6e8f5b576caeb0, 3111941, 899.0, 2023-03-10 07:17:48, balances, transfer_keep_alive
3110104-4, 0xec6d8ca610a7bf056184332f1d10e00c11d74dad, 0xb8d89f8dee753f63e2d306a837074faf377575f373ef34eb5afaf677bf5019ed, 3110104, 165.0, 2023-03-10 00:59:42, balances, transfer_keep_alive
3110100-4, 0x93a72a30a587fe25e4f7595dd07fa4d1dbd13555, 0x3796eeeb28206ba30740b9a57fc7ebb222def6a1eb03bc973de1a4e0b2deaaab, 3110100, 82.0, 2023-03-10 00:58:54, balances, transfer_keep_alive
3108220-4, 0xf1211b50e16402a00bd856a1eb6f89bd822df8e7, 0x54a3538417c17e2c4a310c46fd6696e60cd7611a9c79f4bfbb9b44a5bf44b345, 3108220, 1209.74, 2023-03-09 18:31:30, balances, transfer_keep_alive
3107645-4, 0xd98db687913695bd5f96c53f07d24e853e2b87b5, 0xcbba996c9e3a886da72f0f3265426f108b703719b9b4cff4f21f1df861824663, 3107645, 20834.0, 2023-03-09 16:33:12, balances, transfer_keep_alive
3105069-26, 0xc17972df116c4da7c61e42188c2376439b753419, 0xb9e77dbdc27125862622db1556e697feb0e2e240156b180d27cb77e3f709105c, 3105069, 1.0, 2023-03-09 07:46:36, balances, transfer_keep_alive
3104613-4, 0x5c68ce6100f980ced708bd89cce028840ac6bda9, 0xb421319eee5e2095e7ad4851de7cfefc328b395a769e71382ffdc3d0ab42e4ee, 3104613, 3827.0, 2023-03-09 06:12:48, balances, transfer_keep_alive
3102657-4, 0xb9662aa0adbf57d5b74cf39b621e90e45982749e, 0x3c30811229a2515bf15bed4415cd33a4e637b774f135f22f3942437c15840a6a, 3102657, 1200.0, 2023-03-08 23:27:30, balances, transfer_keep_alive
3102413-6, 0x93a72a30a587fe25e4f7595dd07fa4d1dbd13555, 0x1e86c164f62242acdc91acd81c5f800a36daad4c1f023d8e21f955adc66a79df, 3102413, 76.0, 2023-03-08 22:38:00, balances, transfer_keep_alive
3101842-4, 0xcdabee7615608a932ba71379e9768fc062255629, 0xbc1c81ef582fc22a8cc76aef6d918f7b08c7662257ad2af898f44c2a409ab093, 3101842, 30.0, 2023-03-08 20:41:12, balances, transfer_keep_alive
3101829-4, 0xcdabee7615608a932ba71379e9768fc062255629, 0x2f0a6012c2adb9e5341a9e584bf3729996a36698536cf995390bc37a5be2dfd6, 3101829, 30.0, 2023-03-08 20:38:30, balances, transfer_keep_alive
3101020-4, 0x7a6a051d542040155c41eb599e995427bf672b4d, 0xb3494f1b60d6bba89ceb6dd5219331b1b7c3bfc5be0dfcf3215f2be69de46c15, 3101020, 409.0, 2023-03-08 17:54:06, balances, transfer_keep_alive
3100014-4, 0x2c240de826ccd22b02541d15715ebb3ad8592115, 0x6c9a3a058b04e4c10e277eb011c47fc833b27eb999491a473cc5ed45b92fb443, 3100014, 5.0, 2023-03-08 14:29:30, balances, transfer_keep_alive
3100010-4, 0x56f3f388f0915078f3a7fe4705c2ccb22c19e3eb, 0x330614799f864c83da44097678742505858c848b178cd5cf45074fd8ef13d442, 3100010, 16.2, 2023-03-08 14:28:42, balances, transfer_keep_alive
3100006-4, 0x959ed569f422adcdb662a7e74e2eedbc860c9649, 0x75899fcb692c207f94d6fe27ebe2eaa8710344ea3e7b655a9e2dba3161729e9e, 3100006, 65.0, 2023-03-08 14:27:54, balances, transfer_keep_alive
3096658-4, 0x9ced08e436a468668caa25e0a7907acf5588d595, 0x4a4be228ff2d663a4e3e8059c13f825bc89c8ae32c3d0359091731e190cbc6cc, 3096658, 1320.0, 2023-03-08 03:07:06, balances, transfer_keep_alive
3095706-4, 0xec6d8ca610a7bf056184332f1d10e00c11d74dad, 0xdf6784b501f2aa5a50d63108a5059104e7ad338e2395b51817c0649bfebe1fa6, 3095706, 108.0, 2023-03-07 23:51:36, balances, transfer_keep_alive
3093756-4, 0xca98d4378393040408100f490bf98b03f5e7deb7, 0x2540f899baa0e71f9e7602aa5584dd91c231da36a36ee14231564e75997395bd, 3093756, 2294.0, 2023-03-07 17:15:36, balances, transfer_keep_alive
3090427-4, 0x8730b791ee9fd8abf80caa654f4e4c5626ddbeee, 0x45519866c0d8dec8dd8869e03151f3fc8cba5786480fc02fd171ffda70553eb1, 3090427, 2936.0, 2023-03-07 05:59:24, balances, transfer_keep_alive
3088038-4, 0x23ba3f683cdd1733b193ebbc965311a2a882e0c3, 0xa5928737eefc12fe2f59c097cc27fe9dc55602b4f4c5417763b5bc196cca61ca, 3088038, 0.0, 2023-03-06 21:49:54, balances, transfer_keep_alive
3087556-4, 0xec6d8ca610a7bf056184332f1d10e00c11d74dad, 0x26c1204a15c0411676539e63ab05614f1883cf3ac1f0ea009e46264e963f6ea4, 3087556, 120.0, 2023-03-06 20:12:48, balances, transfer_keep_alive
3087549-4, 0x93a72a30a587fe25e4f7595dd07fa4d1dbd13555, 0x6fddb7a1c6243611f54540ff6cb35f737b5060a7b01e748a2e25fa431d9affa4, 3087549, 57.0, 2023-03-06 20:11:18, balances, transfer_keep_alive
